sample,CNTNAP2,MECP2,GRIN2B,SCN2A,NRXN1,PTEN,CHD8,SYNGAP1,ARID1B,SHANK3,ADNP,FOXP1,DYRK1A,ANK2,ASH1L,POGZ,SETD5,KMT2E,CTNNB1,DEAF1,CACNA1C,CACNA1E,GABRB3,UBE3A,DLG4,NLGN3,NLGN4X,TSC1,TSC2,NF1,EHMT1,MBD5,DSCAM,CADPS2,KIRREL3,PTCHD1,TBR1,GRIN2A,GRIA2,DLGAP2,SYN1,SYN2,SNAP25,STX1A,SYT1,BSN,PCLO,RIMS1,CACNA1A,CACNA1B,KCNQ2,KCNQ3,SCN1A,SCN3A,SCN8A,GABRA1,GABRA2,GABRA5,GABRG2,GABBR1,GABBR2,NEUROD1,NEUROD2,NEUROG1,NEUROG2,DCX,TUBB3,MAP2,MAPT,NCAM1,NCAM2,CDH2,CTNND2,NPAS4,ARC,FOS,EGR1,HOMER1,CAMK2A,CAMK2B,PRKCA,PRKCB,GRM1,GRM5,HTR1A,HTR2A,DRD1,DRD2,SLC6A3,SLC6A4,SLC1A1,BDNF,NGF,NTF3,NTRK1,NTRK2,NTRK3,CREB1,CREB5,RELN
sample_1,14,207,90,1151,33,5,791,397,133,9678,7,106,62,103,11,36,82,113,15,305,29,2003,120,26,165,21,10024,152,1024,41,91,448,11,14,14,7,56,66,9,14,3,16,2,634,52,25,13,25,485,22,61,6,1509,246,49,117,51,5,112,192,143,422,10,764,175,75,464,102,96,40,57,3684,34,56,468,87,213,35,66,559,65,24,10,19,297,898,43,14212,0,72,365,310,11,2222,65,32,65,3,12352,96
sample_2,20,302,162,1961,63,3,744,445,168,22235,7,169,65,174,16,60,135,270,49,523,27,1983,247,32,162,18,12025,199,1723,133,155,549,6,10,31,7,69,83,5,24,0,56,11,867,81,15,7,19,531,24,180,17,2241,412,64,197,73,5,122,317,262,412,2,819,193,102,657,115,233,109,42,4703,62,144,901,96,326,32,90,846,143,72,20,30,354,1107,60,16914,0,74,523,387,7,2973,113,79,47,5,14764,221
sample_3,17,193,216,1789,39,0,1089,367,142,19490,3,130,72,152,18,60,126,260,39,397,39,2177,170,9,129,26,13289,132,1788,53,168,341,8,9,22,17,71,101,5,29,7,33,8,548,84,30,16,11,370,20,155,25,1594,399,74,127,80,4,120,235,180,487,2,748,242,77,608,127,122,57,22,3274,16,70,598,113,275,34,70,614,94,73,32,17,333,960,43,18284,0,94,379,396,2,2129,120,72,57,1,10450,204
sample_4,4,106,83,882,9,2,296,166,62,8354,1,72,19,119,13,36,47,100,13,231,12,919,77,7,32,12,7302,62,450,50,63,184,2,10,8,6,28,35,18,8,8,16,13,261,20,20,2,12,185,10,76,16,881,156,68,34,11,3,46,141,47,169,3,405,96,68,296,22,40,44,26,1618,20,33,470,41,176,24,27,268,30,15,23,12,183,441,28,7609,0,31,186,143,1,1120,72,31,7,0,5597,46
sample_5,3,148,88,1041,9,0,354,260,88,8757,2,62,62,119,3,35,45,140,22,180,10,1058,87,10,91,4,8760,81,952,21,144,250,2,4,28,8,28,28,3,2,4,30,4,397,22,10,2,10,208,31,72,1,1280,179,60,85,21,3,71,189,81,116,8,501,101,54,355,65,57,30,30,1146,10,33,552,33,136,21,27,397,101,39,0,30,194,399,44,9744,1,56,157,258,0,1854,94,26,31,3,7790,99
sample_6,2,216,106,638,8,0,603,236,93,7154,6,110,52,127,4,45,96,131,10,344,30,1097,101,18,99,11,12566,147,1029,64,119,401,5,4,25,6,42,42,2,18,2,19,18,428,116,11,11,8,351,8,132,16,1917,320,61,101,64,2,84,197,106,292,0,742,140,89,597,77,74,88,25,3137,17,69,684,62,265,27,62,639,44,39,3,26,282,682,26,14995,0,91,186,265,2,1951,67,72,24,0,13567,131
sample_7,7,438,217,2344,28,1,1455,631,290,16857,22,312,64,381,19,133,146,412,74,704,64,2905,361,10,299,40,22359,208,2156,148,236,792,33,15,87,16,106,122,11,9,10,70,33,955,125,29,20,25,776,54,285,16,3667,627,146,148,132,18,192,418,283,685,4,1358,280,206,916,214,211,99,63,6329,97,94,1404,221,487,95,110,1506,77,75,38,56,614,1719,86,26289,2,126,569,585,10,5278,163,132,64,4,21516,278
sample_8,15,237,117,1090,31,0,590,391,135,14948,4,93,45,148,6,27,93,172,27,359,35,1525,170,8,146,24,12271,115,1043,56,152,408,11,10,29,13,57,118,6,8,6,41,14,506,95,8,14,24,334,19,130,6,2041,274,115,98,37,19,66,271,184,341,7,1001,133,78,664,78,115,83,18,3195,12,34,589,99,320,47,44,429,59,21,6,9,244,823,36,17159,0,44,280,293,3,2057,60,71,43,5,10772,155
sample_9,18,204,138,1578,23,5,562,441,131,13904,2,98,51,160,18,66,65,212,23,233,25,1495,86,14,172,19,8143,103,1181,43,135,307,9,6,62,13,47,86,14,3,7,49,6,531,68,6,12,8,287,22,134,4,1823,208,97,111,56,2,147,231,191,241,0,752,141,84,488,119,50,91,40,3330,29,30,711,69,333,25,91,631,76,62,16,21,205,427,60,16207,2,46,309,282,9,2133,90,52,35,1,7122,183
sample_10,8,254,92,1089,33,1,609,337,175,10901,15,153,42,194,10,66,153,221,40,679,30,2204,146,13,135,14,16673,278,1766,102,224,329,21,10,34,14,62,51,21,17,2,58,20,725,58,27,31,51,408,19,127,11,2007,486,63,91,75,3,109,235,176,199,5,1031,139,99,602,96,100,124,22,3965,30,51,747,80,283,63,100,614,45,57,6,27,270,1014,72,19930,0,44,348,402,4,2195,123,62,59,0,17670,192
sample_11,5,114,183,914,59,0,516,182,103,8296,9,71,45,107,8,23,69,137,14,344,11,1439,186,17,104,18,12036,100,923,75,102,315,3,16,23,8,29,34,5,11,3,29,16,473,72,17,10,12,291,13,143,12,1586,300,64,95,31,5,76,161,98,336,4,837,143,76,345,62,91,75,21,3036,32,72,547,87,167,52,52,414,60,19,15,12,267,625,42,12438,0,83,216,256,7,1747,71,54,41,1,9144,121
sample_12,3,159,142,961,34,5,836,254,177,11399,12,114,45,140,7,32,82,237,17,350,19,2153,195,4,147,34,9529,112,1211,63,155,424,3,25,50,4,69,74,15,17,1,58,6,545,83,29,14,28,320,20,134,7,1655,249,176,97,44,2,56,233,120,290,0,860,100,105,321,93,110,60,22,2090,40,44,590,59,226,35,95,697,89,24,30,29,279,627,26,12833,0,55,197,276,4,1619,99,35,44,3,8354,169
sample_13,12,127,83,727,23,10,620,222,108,8280,1,63,26,88,0,37,43,134,11,167,26,1219,65,10,87,23,9647,80,785,73,108,235,6,15,10,5,48,17,0,7,3,23,15,363,35,10,5,3,196,9,92,3,1262,192,52,55,24,4,95,145,72,149,2,458,82,69,321,57,73,47,14,2037,24,36,640,84,99,24,36,474,35,11,16,3,233,610,19,11521,0,29,168,241,3,1040,50,60,26,0,5249,69
sample_14,8,300,155,2136,44,0,541,373,123,12145,5,217,84,222,21,83,133,245,51,369,25,1925,132,27,179,27,14963,196,1166,119,175,483,5,37,45,11,35,81,7,12,8,47,12,474,74,6,10,38,418,21,142,9,2341,458,140,115,65,9,148,382,182,320,18,934,246,106,526,97,99,47,28,3755,47,81,1120,98,311,60,81,833,89,34,23,20,349,910,38,20594,0,85,395,361,4,2452,133,73,52,0,13126,170
sample_15,5,180,99,1582,15,6,395,230,118,11476,19,116,61,110,6,55,66,122,31,353,19,1421,157,13,78,25,8357,110,983,73,83,303,2,14,14,3,44,94,6,6,1,16,14,526,50,5,10,13,334,54,89,8,1183,309,57,118,37,3,130,140,121,269,1,362,102,70,411,93,43,46,41,2200,29,50,301,83,183,28,64,497,70,41,7,8,205,873,23,11593,3,38,313,158,0,2162,127,39,37,4,9057,124
sample_16,2,153,156,1184,55,0,656,355,150,12837,12,109,41,136,9,46,76,172,27,207,22,1382,76,11,116,18,10000,91,916,53,104,284,17,10,17,15,56,19,3,7,2,37,9,476,85,20,11,11,382,20,128,2,1669,309,78,76,20,4,79,210,130,229,2,406,204,91,411,112,63,80,23,2978,35,78,505,73,204,7,42,504,52,12,17,11,288,739,51,13055,7,63,227,200,3,1224,110,29,27,1,10094,179
sample_17,14,176,315,1108,47,0,589,381,175,20445,16,152,133,246,11,57,110,250,32,451,49,2492,131,30,172,27,18149,194,1442,49,274,447,4,11,60,4,69,99,6,9,6,58,15,808,92,34,18,16,475,25,97,13,2483,409,116,151,68,12,222,269,270,292,8,998,171,132,584,138,172,104,69,4146,48,74,882,92,294,53,150,754,156,42,18,26,402,1353,24,24261,2,85,413,484,12,2768,122,76,69,6,15863,239
sample_18,19,173,140,847,23,3,679,277,130,12485,10,88,38,175,4,43,67,93,41,430,3,917,169,6,100,13,10278,121,934,75,69,308,2,7,22,15,38,54,3,10,1,72,9,470,78,9,2,4,357,41,80,16,1451,218,77,80,21,2,142,163,154,220,3,618,98,68,413,92,55,51,15,2975,20,57,531,73,245,12,35,603,67,46,13,20,212,890,31,12935,0,36,239,238,7,1750,58,44,38,4,10159,161
sample_19,17,202,136,1383,36,2,824,420,183,13712,3,80,45,181,22,29,74,288,24,331,28,1650,195,12,140,36,11814,156,1238,65,166,354,5,9,67,21,54,66,8,12,2,54,15,561,58,19,10,18,406,44,141,4,1915,430,70,102,54,16,153,162,177,343,1,658,142,125,521,133,79,58,49,3257,45,71,624,106,262,40,37,847,75,28,23,35,305,859,30,13415,4,84,290,293,8,2188,87,45,86,14,10338,100
sample_20,8,107,91,596,20,5,407,330,127,7986,8,66,14,96,4,62,87,130,13,238,36,857,78,0,84,4,8625,93,859,22,87,268,19,5,12,14,38,53,7,10,3,18,8,302,14,29,6,4,190,7,74,0,998,159,44,52,28,7,81,161,86,233,7,489,72,90,347,42,54,30,5,1859,30,24,489,48,160,16,31,487,24,6,19,13,147,547,27,9971,2,57,214,184,8,1179,88,28,27,3,7900,129
sample_21,3,127,124,1063,33,3,539,206,80,10305,3,117,42,93,10,42,60,122,41,347,25,1209,87,13,46,8,9389,80,840,55,97,262,6,5,28,7,53,52,2,1,0,14,5,374,46,12,4,11,313,10,87,10,1116,156,48,80,13,3,91,161,86,171,8,466,107,70,425,87,78,42,14,1847,18,17,460,68,155,17,64,380,50,22,9,19,275,572,25,9756,4,46,278,276,5,1651,93,39,22,0,7905,98
sample_22,9,164,151,1657,31,0,508,340,133,18377,18,92,47,103,30,66,65,205,26,349,21,1099,124,2,109,12,10290,128,810,37,117,307,4,8,27,6,48,60,3,12,3,51,9,455,63,17,8,9,301,30,110,17,1460,162,53,92,66,10,136,160,170,246,2,580,106,84,337,111,86,81,3,2719,34,43,778,77,156,26,42,462,65,20,14,15,287,835,58,11180,0,61,358,201,5,1705,83,35,28,2,7027,89
sample_23,14,148,204,750,20,0,626,212,109,11369,9,74,69,101,7,46,91,210,36,388,24,2163,96,2,68,15,10850,137,1404,73,141,319,11,9,30,34,46,64,6,8,2,51,4,431,112,11,28,15,413,13,93,2,1866,193,64,104,74,11,140,205,150,292,0,888,183,50,439,75,101,65,12,2781,21,75,501,66,324,16,64,584,55,29,46,15,201,963,57,10085,0,65,328,146,31,2657,73,52,36,0,9750,136
sample_24,6,115,135,1025,20,0,353,182,68,7352,13,110,45,61,4,18,51,153,17,301,11,1091,72,4,105,9,7779,111,864,34,64,238,2,12,47,19,39,26,5,14,3,38,8,361,48,17,13,6,186,20,61,4,1521,232,53,64,21,12,69,159,154,211,0,455,78,85,356,65,91,19,7,1268,21,31,591,52,171,24,52,417,39,18,18,10,259,455,61,10696,0,27,192,155,0,1170,91,37,16,0,8573,114
sample_25,5,178,119,1071,27,0,531,151,132,9230,9,119,40,98,11,38,65,169,18,320,31,1213,72,13,90,4,10306,148,941,69,104,263,7,6,11,5,41,68,10,9,2,27,1,566,83,8,7,13,208,14,142,3,1171,274,58,60,35,11,50,168,141,287,2,631,124,45,230,106,32,35,33,1957,12,49,613,123,254,37,68,512,44,44,13,15,289,486,26,12465,1,43,241,265,1,1813,86,27,43,0,9272,107
sample_26,14,237,219,1701,56,1,1198,498,197,13919,9,116,45,199,12,65,81,320,68,566,17,2012,188,4,161,29,11621,181,1697,90,245,455,14,22,66,16,77,64,22,7,0,70,21,678,134,14,22,11,533,18,193,35,2260,371,125,98,37,7,106,328,188,371,6,986,152,136,526,99,171,64,34,3212,47,74,885,178,294,77,87,926,90,51,11,28,358,1080,42,15599,0,75,373,289,7,2510,190,86,43,1,15479,210
sample_27,6,159,95,1039,24,0,458,277,111,9126,3,99,53,106,9,45,43,157,38,293,13,813,192,8,129,5,8022,100,904,34,86,192,12,9,15,14,44,47,5,8,2,18,5,473,40,33,2,5,277,5,119,3,1188,178,41,75,27,3,120,202,142,175,7,746,175,79,411,103,57,36,16,2431,18,66,650,80,97,42,37,563,36,10,7,28,263,858,29,11957,0,58,217,146,7,1410,63,49,31,1,10400,125
sample_28,10,197,133,1262,20,1,668,250,135,11165,20,104,69,251,15,54,72,172,43,222,31,1489,140,4,204,9,10836,149,1077,34,91,357,3,8,24,18,57,40,13,6,2,29,10,455,34,11,14,11,298,23,75,1,1790,342,75,111,56,3,84,251,175,163,0,620,137,65,490,71,105,56,26,2482,28,72,600,70,134,32,57,539,60,45,12,23,275,728,56,16249,0,94,276,285,0,1458,120,47,53,0,12090,136
sample_29,12,157,112,1125,33,4,566,225,109,8946,1,102,30,101,5,59,60,101,18,242,33,1563,174,6,189,16,7998,144,1010,64,104,252,1,8,14,12,39,52,6,9,1,10,6,561,58,15,3,11,236,26,123,7,1367,243,67,136,30,18,94,184,98,253,9,471,87,90,372,56,95,44,26,2259,22,78,612,84,172,28,70,560,60,49,17,16,223,563,19,11775,0,67,236,252,6,1964,87,76,17,3,7479,122
sample_30,7,106,177,1243,30,0,796,318,97,13331,5,84,44,82,5,47,68,138,18,266,38,1784,73,28,93,21,9746,86,1022,66,128,294,0,23,32,13,41,73,0,8,5,12,5,402,48,6,13,10,298,13,77,4,1537,256,73,74,44,5,122,123,114,251,2,513,84,88,384,67,82,58,56,2372,18,41,541,67,222,26,66,507,50,34,8,16,270,507,20,11958,2,53,271,238,11,1412,125,18,49,2,7734,118
sample_31,3,228,192,1216,35,0,1138,331,200,14846,4,141,44,186,23,101,93,216,60,419,35,2332,170,8,94,39,14555,161,1488,71,169,397,3,19,43,9,75,86,10,16,4,36,2,328,131,28,14,15,384,22,110,11,1997,425,85,127,60,10,160,216,158,300,4,908,186,84,549,111,97,84,27,3350,37,80,767,118,324,41,59,683,63,28,20,20,338,774,59,18808,2,80,378,343,6,2535,162,69,84,1,12904,167
sample_32,7,161,114,922,42,0,1292,355,158,17321,9,67,77,112,10,46,81,137,11,334,17,1023,145,14,104,15,14706,77,1196,47,135,325,5,9,47,15,47,41,3,2,7,20,13,575,49,21,11,16,356,29,116,9,1992,227,49,95,36,2,55,134,190,277,0,774,186,74,307,82,62,90,36,2105,23,55,711,56,199,30,97,644,71,35,21,24,180,587,40,10799,0,66,147,329,15,1637,86,39,36,7,10206,106
sample_33,6,204,190,2174,28,3,560,276,187,16816,13,140,32,154,14,61,94,220,27,493,28,1397,166,18,154,16,11551,167,1265,124,141,388,3,16,43,7,43,68,2,4,7,35,24,530,82,24,11,14,305,9,103,14,2723,311,99,204,47,14,116,189,164,389,0,963,110,68,646,116,73,85,21,3059,37,44,711,71,244,41,87,810,73,40,32,31,376,1099,57,19809,0,74,331,221,1,2542,94,75,38,0,8386,107
sample_34,19,273,224,1425,35,1,1024,427,253,11650,9,134,54,229,19,84,187,333,36,686,27,1462,222,24,184,21,17693,177,1478,130,235,486,10,8,26,10,83,95,15,8,1,64,25,856,67,11,29,15,579,19,237,8,2606,321,110,170,79,8,113,366,240,406,4,1074,251,136,700,133,136,70,46,5111,44,72,886,120,491,34,131,907,93,49,20,30,296,812,53,21396,0,120,559,492,9,2384,183,130,91,0,9939,273
sample_35,40,194,198,1846,42,1,535,471,125,20003,12,146,55,169,8,52,136,170,26,436,32,1624,158,8,184,16,11318,150,1275,47,119,319,4,12,23,9,45,75,7,19,6,41,13,673,41,11,18,10,245,16,181,4,1791,314,64,123,38,5,108,323,160,338,0,823,122,121,646,116,121,51,39,3894,23,87,817,118,216,16,122,631,41,39,8,22,266,816,39,16087,1,60,252,236,5,2744,105,75,65,4,10970,198
sample_36,4,241,155,1301,17,2,803,432,98,12341,13,109,46,199,6,58,72,201,58,459,42,1846,217,9,123,19,17282,136,1606,69,159,353,5,10,37,20,109,78,2,21,6,53,1,546,52,15,15,3,465,9,116,12,1708,398,115,130,53,8,79,236,204,256,0,869,188,85,499,81,83,69,20,3138,46,66,895,83,373,81,75,738,78,36,26,36,293,748,45,14740,0,81,237,358,13,1954,81,49,75,5,8977,160
sample_37,5,225,99,1337,31,0,450,277,83,9194,11,106,36,135,1,38,88,112,22,304,42,1297,179,6,105,21,13732,108,1063,57,94,339,19,34,60,8,46,40,10,9,0,26,12,529,47,19,5,17,209,20,115,9,1356,301,52,144,56,3,81,278,99,295,0,767,126,64,571,72,64,36,27,2380,24,52,640,51,223,29,84,502,75,51,11,19,281,516,30,11244,0,70,149,257,7,1855,76,41,43,1,8876,116
sample_38,3,24,37,443,5,0,282,184,39,4711,0,25,17,31,2,12,7,25,3,61,3,248,23,0,24,5,2050,20,199,22,38,80,0,0,9,7,12,17,3,4,0,10,3,97,10,2,3,8,38,5,11,9,483,50,27,17,4,0,20,19,36,79,0,194,32,25,131,26,13,12,8,569,5,16,125,19,38,1,6,179,17,3,1,9,46,218,5,2819,0,13,56,75,0,417,6,19,11,0,2403,31
sample_39,3,198,127,967,25,0,506,294,135,10128,6,111,81,226,15,51,88,165,19,391,9,1263,108,9,123,26,10961,113,871,45,142,370,3,5,19,9,51,64,15,5,1,40,20,502,39,8,14,14,404,35,121,14,1501,225,75,123,20,9,75,211,151,333,2,695,117,141,542,81,55,54,34,2960,26,72,740,78,302,32,49,773,82,37,22,30,153,811,71,12218,0,80,204,303,7,1796,78,50,50,3,6787,217
sample_40,7,183,110,1449,31,0,371,272,244,12989,3,78,45,192,6,52,144,197,46,545,43,1887,262,7,201,24,14438,131,1141,47,117,517,6,28,31,19,79,59,2,8,5,24,30,842,78,32,13,23,399,16,126,2,1776,334,69,182,36,16,187,199,119,438,2,859,147,96,555,95,115,112,27,3976,19,59,932,111,346,39,76,691,96,34,31,37,294,1070,65,19549,0,60,225,372,6,2097,157,45,30,3,11796,248
sample_41,0,154,146,1557,41,1,421,293,109,9861,22,171,24,156,10,78,64,131,73,300,35,1418,146,9,148,16,9463,124,1075,48,75,246,13,16,25,4,28,104,6,8,5,46,11,398,60,14,9,15,221,35,71,4,1228,319,79,64,40,9,100,274,113,331,2,686,126,59,466,56,93,63,27,2175,24,74,482,63,168,29,37,522,59,28,22,18,257,744,48,13991,3,40,289,216,4,1638,97,17,30,1,9461,102
sample_42,8,112,87,712,11,0,489,262,72,5207,4,57,37,109,13,32,59,114,31,215,50,743,99,15,81,6,6191,100,713,24,49,163,2,13,9,7,44,36,1,2,2,7,13,307,27,8,2,21,173,6,61,0,895,197,24,72,19,7,76,81,90,142,0,436,57,27,291,42,37,31,19,1850,39,28,293,37,117,9,32,348,32,12,5,17,194,522,14,7936,4,21,185,160,2,1208,69,47,20,1,6345,77
sample_43,15,192,175,1698,34,4,826,441,188,14526,4,152,119,134,15,56,71,194,23,435,24,1975,123,10,149,26,14172,116,1639,45,161,487,6,8,28,11,75,61,6,12,2,42,11,675,72,20,10,29,356,27,110,4,2327,418,91,141,53,10,153,286,137,369,3,700,147,120,507,79,145,42,29,3017,17,72,766,75,276,37,84,784,82,42,19,28,259,900,54,17615,2,110,292,419,9,1831,178,101,73,2,13036,156
sample_44,2,107,61,824,6,8,235,153,66,8482,14,57,51,70,6,16,26,110,12,188,10,823,73,5,74,18,7443,64,666,30,57,126,1,30,9,8,20,38,0,16,6,27,4,190,17,2,4,8,196,8,62,3,1057,133,33,84,26,5,28,141,50,186,0,282,65,36,249,53,54,31,11,1331,24,16,319,64,78,13,28,327,28,13,3,10,100,422,17,8529,0,49,120,158,0,861,60,14,10,1,6283,77
sample_45,3,223,169,1761,46,0,728,288,188,18255,2,184,56,247,25,79,117,249,17,589,34,1169,191,18,187,30,15584,151,1649,106,141,329,13,4,42,6,51,93,2,7,10,49,26,757,74,23,20,17,367,24,113,22,2088,394,108,133,51,7,158,213,182,269,0,800,134,135,566,104,93,71,37,2589,45,82,844,94,296,30,136,805,125,33,11,22,283,1039,26,20705,1,44,359,312,6,1936,85,48,28,1,10814,199
sample_46,3,172,106,1027,33,4,668,275,120,8694,9,95,59,105,3,48,81,179,49,348,20,1372,145,5,102,20,11131,124,1252,57,65,289,2,17,34,3,56,88,11,28,6,35,12,422,37,10,14,9,312,20,82,2,1397,217,55,84,42,5,94,168,132,202,5,598,91,64,252,127,95,92,20,2327,21,51,642,93,119,44,43,656,55,34,28,13,220,716,27,10032,12,63,370,254,3,1584,91,56,40,4,8738,86
sample_47,10,248,193,1533,59,0,976,243,150,11784,10,165,34,187,5,90,50,221,30,555,34,2352,258,6,181,34,13955,147,1246,89,187,471,10,46,34,10,66,116,10,12,10,46,15,716,130,59,19,18,297,26,228,17,1560,356,114,178,38,12,156,254,183,373,2,977,212,114,710,128,137,85,42,3592,52,75,932,70,188,67,85,656,59,44,20,12,312,941,46,18915,0,65,391,310,16,3183,136,64,56,1,9185,197
sample_48,25,276,206,1649,25,3,736,477,118,18965,9,112,88,195,21,96,121,224,60,589,26,2321,189,22,185,42,18444,138,1205,69,177,732,6,12,57,5,67,80,15,21,4,24,31,809,99,18,22,36,411,37,132,4,1946,345,90,206,57,14,130,293,190,351,2,958,190,160,575,123,73,102,19,3715,40,93,771,79,291,39,85,901,85,52,21,20,217,1318,34,16927,3,61,522,384,20,2728,154,104,57,3,14024,167
sample_49,6,379,330,3311,26,6,897,654,340,35596,20,210,104,368,7,154,145,505,76,626,25,2554,221,21,209,39,27664,227,2649,145,321,701,16,18,44,19,95,106,15,23,13,64,21,1082,116,36,47,43,646,63,161,15,3107,649,140,261,111,16,274,512,296,568,6,1588,285,205,954,240,200,173,44,7441,54,104,1554,241,422,92,163,1438,119,70,30,44,642,2084,80,27236,11,142,793,670,15,3392,248,91,99,12,21909,275
sample_50,18,367,111,3116,53,2,528,335,136,20109,4,157,80,125,9,49,113,234,36,529,44,2368,180,13,148,20,14861,226,1487,73,151,532,14,13,42,38,31,93,15,8,7,63,22,651,100,29,23,32,442,33,234,8,2634,502,151,186,45,1,94,255,129,326,3,982,129,150,697,97,142,73,21,3990,44,49,974,127,373,57,113,815,154,38,24,20,331,1191,46,18484,0,78,348,317,14,2619,111,49,68,2,13635,218
sample_51,7,389,154,2831,24,6,743,425,159,16485,22,179,137,162,24,107,105,362,33,540,36,2770,186,12,229,14,17611,154,1895,110,150,412,9,24,30,28,68,89,11,7,6,68,30,870,90,37,19,46,512,36,184,12,3884,430,148,216,87,12,138,375,231,412,13,1187,192,173,787,185,130,92,18,4337,21,117,1299,135,349,45,111,1016,141,59,31,48,267,1539,40,25519,1,119,344,397,17,3430,133,74,77,7,22497,245
sample_52,28,281,190,1690,17,5,798,734,209,16359,14,124,72,138,14,98,156,166,50,619,43,1700,207,8,175,31,12748,130,1984,84,265,527,12,29,39,36,127,63,4,10,5,29,15,583,76,16,20,20,379,28,168,12,2816,480,85,151,88,18,147,211,263,468,3,924,229,118,732,117,139,93,36,4473,64,67,941,136,318,32,91,779,78,36,22,19,447,848,32,22085,0,108,388,360,4,2907,184,96,94,1,18878,174
sample_53,7,215,137,1508,40,0,721,286,99,12946,8,143,58,75,4,39,87,182,27,390,30,1699,207,7,177,17,9438,114,1237,45,119,361,7,11,39,6,80,66,2,8,5,62,7,737,67,14,6,8,265,24,100,8,1818,365,63,117,19,1,78,264,125,222,4,770,107,87,326,105,105,57,32,3499,19,56,521,97,323,21,55,448,63,29,21,16,291,911,35,17950,0,73,408,259,11,2206,85,51,60,0,12579,105
sample_54,12,223,138,1750,25,1,644,451,182,13569,11,70,84,113,4,69,77,192,44,415,16,1755,126,17,199,23,12798,157,1651,61,168,406,12,24,45,11,75,74,3,19,2,55,11,659,75,26,27,24,483,16,170,15,2047,303,85,99,24,7,116,208,174,389,3,664,279,113,591,92,113,104,29,3290,25,59,769,104,424,76,86,685,88,52,13,19,278,1017,58,14951,3,84,150,309,2,1792,106,78,39,1,9879,263
sample_55,16,153,90,1658,52,0,484,238,90,11508,11,113,19,116,2,54,58,169,20,414,14,966,129,12,101,34,7031,46,667,57,101,265,13,4,17,6,41,53,6,5,9,18,15,243,36,5,3,16,171,7,101,5,1374,170,37,67,17,0,129,156,106,210,0,524,61,24,407,48,60,69,24,1966,35,38,443,45,117,48,71,503,43,17,4,25,155,524,19,8558,1,71,206,223,2,1510,40,44,39,1,7147,146
sample_56,3,82,118,1351,42,0,914,398,163,10769,8,107,40,84,14,29,72,139,46,272,17,1008,147,12,90,7,10569,94,1055,29,109,242,5,10,18,29,64,68,2,4,6,25,5,337,70,12,7,5,255,17,67,11,1367,208,42,103,14,8,101,198,126,186,5,352,129,48,314,110,91,51,48,2108,23,53,642,45,160,40,59,433,56,46,6,35,165,646,34,10685,0,47,234,292,4,1791,65,21,47,0,9189,96
sample_57,19,214,212,1653,83,0,806,623,208,16258,6,136,50,178,11,83,100,220,20,519,45,1619,155,15,217,18,14030,158,1215,59,188,356,7,11,52,6,53,58,26,21,0,67,31,572,58,27,16,27,374,14,194,11,2175,457,101,130,57,23,195,207,143,356,0,969,135,162,661,105,82,53,36,4056,25,76,943,159,285,48,60,715,106,39,13,15,313,1065,33,13555,0,118,460,327,4,2129,146,87,57,0,13837,157
sample_58,5,174,178,1406,28,0,649,302,106,8751,6,160,88,159,30,70,88,170,32,428,48,1641,132,6,121,27,12826,125,1450,56,97,310,13,14,32,16,75,55,12,7,0,31,9,373,50,12,35,28,263,23,140,14,1359,300,60,77,29,24,88,267,141,291,3,851,78,117,487,100,59,42,33,2827,23,64,613,75,223,22,72,587,114,36,16,15,275,735,44,17372,0,107,226,268,6,2607,115,62,47,5,10646,147
sample_59,14,184,185,1499,19,0,530,379,109,12193,11,135,34,160,20,70,62,162,45,468,22,1369,121,14,127,9,10183,118,1359,103,156,297,11,16,37,15,74,45,7,14,4,35,9,452,53,27,22,20,361,15,146,18,1713,361,57,119,49,16,149,197,119,305,5,711,172,90,408,95,117,87,29,2596,37,43,954,96,239,25,79,685,74,39,21,15,289,1081,61,14033,0,86,355,324,1,1572,100,39,65,0,12062,200
sample_60,13,188,95,900,25,0,568,225,108,6970,6,56,45,130,6,62,91,165,6,384,36,1567,123,3,154,9,11984,126,963,80,118,287,2,7,37,9,52,59,12,7,3,32,6,413,84,21,8,11,188,40,89,6,1483,207,65,141,41,4,126,209,186,271,0,614,64,98,382,76,124,28,24,2516,35,40,578,65,129,53,50,547,52,35,12,14,207,569,33,9416,1,91,321,226,2,2108,87,60,34,4,10324,138
sample_61,8,418,214,1801,41,0,1124,606,216,14748,17,277,61,226,15,110,151,316,38,645,44,2599,286,22,269,34,22829,226,1912,118,278,681,4,9,31,31,111,81,11,37,5,75,19,1064,72,39,8,22,721,55,198,13,2617,451,160,270,97,14,242,330,293,672,5,1326,329,143,751,144,155,92,59,5893,27,172,971,97,331,51,186,1280,130,44,42,25,414,1202,63,23921,3,128,395,374,19,3359,168,85,100,1,16301,264
sample_62,9,219,166,1039,34,2,790,284,97,11151,3,125,47,186,10,68,84,284,40,465,29,1898,178,6,136,36,13764,142,1151,94,152,412,4,11,30,7,86,50,11,9,0,64,19,704,107,16,23,5,271,21,110,5,2010,335,52,152,49,5,98,336,177,413,0,838,131,80,438,167,99,94,37,4068,42,66,763,103,255,37,73,562,63,16,21,22,320,1107,48,16122,2,54,290,315,8,2031,107,53,29,0,10570,179
sample_63,8,219,223,1911,42,0,441,375,184,18293,8,124,79,216,10,64,64,297,65,397,29,1415,150,26,192,28,16935,215,1629,100,173,447,15,16,12,33,85,60,6,14,10,26,14,863,67,16,12,11,396,24,125,10,2381,419,136,124,58,12,89,285,227,517,0,843,153,119,624,170,110,73,25,2727,43,101,619,66,307,44,117,770,100,60,29,52,335,1192,48,21437,4,71,359,437,5,2691,109,74,50,10,14384,143
sample_64,7,175,169,1057,27,2,785,338,109,11264,7,91,71,185,11,37,82,154,28,329,20,1182,204,21,140,23,12116,95,1439,35,142,310,24,23,34,7,54,49,7,12,11,18,15,474,59,7,12,13,363,33,123,6,2181,330,52,66,57,15,130,222,239,223,10,783,84,78,417,120,84,49,31,2705,41,57,740,65,244,22,74,622,71,30,20,52,286,1140,39,11702,0,48,403,272,3,1443,85,55,50,0,9409,143
sample_65,0,197,158,1695,59,5,530,414,213,18066,12,158,95,222,7,56,60,264,38,483,29,1546,153,18,174,6,11630,198,1628,48,135,286,2,12,33,28,59,72,3,4,4,56,11,418,72,11,41,17,394,23,182,9,2012,335,68,89,29,20,130,208,175,415,2,841,138,132,538,113,135,82,21,3126,37,47,709,81,319,64,59,697,91,41,20,36,261,736,62,16718,0,89,440,342,6,3188,139,33,33,5,10881,114
sample_66,6,117,68,733,19,1,363,156,51,6156,2,57,30,71,7,33,51,77,23,162,11,1182,73,1,98,7,6741,96,641,33,54,213,12,6,27,1,12,55,3,1,1,20,2,322,45,6,19,4,167,13,42,2,647,155,35,44,17,2,86,120,80,166,0,335,40,50,219,35,52,38,17,1068,6,28,257,25,133,15,24,377,29,17,9,3,136,416,29,7235,0,31,133,116,2,1138,94,30,23,5,7964,99
sample_67,10,208,193,1303,37,4,671,373,82,12682,22,183,45,170,12,57,92,236,47,452,30,1510,133,5,133,54,12075,109,1310,90,106,485,3,8,32,9,56,113,6,11,5,41,19,521,59,27,52,10,335,23,161,7,2589,264,91,61,63,2,108,308,169,383,4,860,142,105,773,123,97,78,12,3515,52,41,868,85,247,46,80,798,47,39,15,8,330,906,32,13593,0,63,300,293,4,1725,88,42,95,7,12488,160
sample_68,6,140,103,970,20,1,602,316,93,9795,12,104,32,104,2,13,31,158,28,301,16,1147,133,20,70,10,8383,83,824,52,93,216,10,27,2,17,70,42,1,3,1,42,2,334,55,10,5,8,309,9,104,14,1001,227,62,84,25,6,63,170,121,235,4,604,84,42,303,43,58,54,16,1984,23,30,520,46,195,23,26,515,47,45,14,15,260,559,25,11178,0,28,154,250,1,1364,57,42,65,9,8629,85
sample_69,12,221,210,1660,49,4,998,524,187,15838,9,139,45,194,5,81,132,251,32,358,27,2008,148,18,113,16,12999,227,1679,51,198,397,8,12,39,7,76,88,3,15,3,30,12,831,66,14,6,14,470,51,103,6,2842,498,98,161,55,13,87,208,206,304,3,754,168,144,578,99,112,151,23,3259,21,67,916,111,275,51,74,941,94,47,45,42,278,975,53,16477,0,53,329,394,15,2508,146,63,93,1,13260,235
sample_70,24,179,143,1213,28,1,955,310,151,15706,34,70,55,148,1,43,104,185,44,273,21,1290,186,10,106,18,14054,99,1066,101,70,420,5,5,27,20,56,79,11,6,2,13,5,395,39,19,17,15,272,9,144,2,2052,313,88,123,52,4,160,216,163,444,10,774,169,89,465,69,90,54,10,2665,23,33,656,75,219,12,100,514,97,50,16,29,283,1016,18,12230,0,53,288,254,7,2027,115,37,63,0,10457,134
sample_71,4,166,156,1310,24,7,432,267,142,13712,3,124,51,93,4,65,93,145,41,381,31,1478,143,30,217,7,11955,158,1040,31,117,351,7,9,13,5,77,50,20,9,8,22,11,507,35,36,4,4,193,13,131,2,1542,284,55,165,28,14,141,207,101,354,1,903,133,65,456,98,132,46,27,2988,14,51,638,78,136,41,85,485,55,59,16,21,266,735,38,14442,3,43,261,206,15,1571,130,39,59,1,8231,127
sample_72,7,163,140,1190,30,0,376,285,85,7008,12,105,50,104,6,79,45,131,14,311,20,945,78,9,93,26,11517,95,1132,82,146,250,1,7,10,10,39,52,1,8,6,43,15,458,27,21,11,25,270,15,101,11,1473,381,83,105,45,6,82,211,139,202,0,712,160,98,498,76,113,41,14,1570,27,59,720,74,174,25,63,423,50,15,13,19,137,799,19,14004,0,69,295,223,3,2069,59,37,50,5,9203,128
sample_73,10,83,142,584,13,2,585,335,93,9296,8,46,26,122,4,26,53,100,19,240,12,1016,145,6,113,12,6925,103,732,72,79,199,0,3,18,18,43,57,0,7,1,13,7,290,46,20,8,11,180,9,90,2,979,203,107,44,18,5,66,130,93,214,1,549,109,74,346,84,81,40,35,2329,25,55,394,63,133,21,54,383,47,35,8,12,178,615,25,11040,0,57,228,185,5,1586,84,22,33,0,10183,138
sample_74,1,211,110,1443,35,2,631,323,137,13665,7,117,34,155,9,47,87,118,28,350,37,1274,114,12,136,11,12274,125,1112,58,123,432,5,10,25,5,89,66,19,8,8,72,24,476,64,24,10,22,202,26,189,14,1154,198,63,128,48,23,103,233,196,291,0,740,114,67,510,98,104,90,42,2733,30,95,672,75,273,28,49,519,119,42,3,33,280,865,21,15677,0,66,373,275,1,2606,127,46,44,0,11659,149
sample_75,16,83,168,1171,30,1,605,311,106,7874,12,151,42,108,7,88,55,174,34,326,19,1329,108,12,115,13,9503,105,912,68,60,250,0,8,18,18,55,26,4,19,10,23,10,420,44,21,7,10,272,36,77,7,1483,220,46,78,38,3,66,153,148,216,1,769,113,68,311,73,77,39,24,1551,22,54,455,66,170,38,73,740,105,31,9,17,180,777,14,11874,0,44,209,186,3,1590,71,60,50,0,9896,108
sample_76,22,262,191,2228,40,1,939,420,207,14349,12,203,95,181,10,98,133,316,27,450,61,2557,214,11,203,13,16218,168,1737,88,121,476,11,9,38,18,97,89,2,7,6,57,4,798,132,35,17,26,430,18,225,0,2407,483,115,144,65,2,123,232,168,438,3,1099,154,147,693,131,74,84,15,3819,57,101,778,153,313,26,108,863,111,52,21,25,367,1025,50,17283,1,106,384,409,6,3086,214,57,52,0,17444,198
sample_77,3,155,169,934,17,0,581,243,119,6507,8,128,53,155,1,49,46,187,32,257,24,1134,164,4,79,29,7639,118,1024,56,136,303,2,8,42,11,30,57,3,10,2,40,15,482,87,21,13,15,323,19,167,14,2049,218,67,114,74,2,56,106,110,260,0,628,163,88,491,44,59,64,30,3038,13,71,578,66,169,17,47,532,71,22,28,15,206,851,24,9573,0,48,179,262,0,2203,88,23,44,5,10619,118
sample_78,4,116,96,1009,22,0,513,255,110,9689,17,93,41,135,9,45,66,115,12,224,23,871,81,7,57,19,9776,73,764,44,91,263,0,17,13,7,41,32,5,17,3,24,5,313,39,22,5,7,185,24,65,2,1405,239,102,61,33,16,64,150,88,174,1,461,117,42,287,49,66,56,15,1847,23,46,451,46,89,12,27,412,51,26,25,11,171,542,29,9317,1,47,232,178,3,957,40,28,20,0,5175,121
sample_79,17,117,216,948,12,1,669,189,87,8117,7,89,48,174,7,39,43,167,38,295,25,1144,197,12,89,24,10080,67,1110,109,107,374,6,5,25,12,69,40,3,1,6,30,7,426,58,30,11,24,247,18,91,2,1173,360,79,99,44,6,53,204,132,182,1,673,120,79,362,85,81,32,43,2712,36,34,553,99,272,31,88,434,66,32,25,38,250,564,33,13034,8,61,189,163,2,2274,85,25,57,0,11257,92
sample_80,15,74,62,664,6,4,615,226,139,6278,11,66,43,73,6,23,56,113,21,197,8,1253,88,7,63,13,7661,80,700,52,49,233,3,0,22,3,36,45,8,1,1,20,15,246,48,29,15,1,225,2,112,12,1021,183,48,84,26,3,56,148,72,173,4,409,115,73,291,67,57,29,11,2009,5,60,369,52,183,29,35,340,21,32,14,15,193,507,16,5738,0,5,221,128,1,1403,68,45,45,1,7046,88
sample_81,9,229,166,2026,47,0,488,312,149,13081,14,122,50,225,2,50,94,282,27,453,25,1976,206,6,169,28,10596,126,1656,74,118,422,4,12,45,17,81,68,9,7,3,33,16,688,108,20,11,14,343,41,190,13,2692,293,59,169,56,5,133,218,105,301,1,999,145,105,612,119,109,61,34,3770,47,52,662,77,161,47,92,582,92,46,16,28,454,1247,66,13751,0,50,318,181,1,1930,87,32,49,1,10570,193
sample_82,3,137,109,974,31,0,430,218,81,11601,7,105,46,106,3,26,77,79,21,288,28,975,102,0,160,17,10226,90,1019,42,66,320,0,19,27,5,33,48,2,3,11,10,12,398,75,19,11,12,249,24,104,8,1082,209,77,94,32,8,61,149,198,184,0,409,109,60,323,82,108,39,24,2490,5,46,401,50,181,15,48,413,37,36,11,26,177,564,31,9687,0,23,218,162,4,1367,130,31,34,0,7122,95
sample_83,3,422,203,1670,46,0,1164,442,195,15809,18,215,96,226,45,145,175,389,42,924,19,2105,207,17,207,50,25327,221,1944,78,240,619,22,28,42,19,71,116,12,35,13,57,22,929,72,23,41,30,771,47,169,6,3862,491,143,232,155,12,192,547,249,581,6,1241,227,137,819,202,143,134,33,5637,61,109,1136,115,399,38,128,909,110,57,36,50,455,1490,104,23811,2,86,594,523,13,3233,91,73,147,5,23215,237
sample_84,3,118,186,1052,36,0,425,317,132,11971,4,119,40,167,12,71,68,188,37,359,30,1420,125,19,79,16,12197,124,970,56,116,299,10,10,35,11,60,60,17,7,6,19,4,521,90,12,8,27,286,30,131,3,1709,167,62,94,48,12,70,155,108,300,0,656,149,85,392,82,72,40,20,2032,32,39,533,64,170,23,41,558,71,47,49,20,233,945,49,13504,0,91,294,250,2,1489,101,30,31,6,11227,122
sample_85,3,97,85,618,26,0,329,173,81,6726,5,55,36,76,1,6,39,115,18,186,5,689,50,2,42,4,6331,90,527,50,92,191,2,3,12,3,50,21,7,2,1,11,13,303,10,3,6,11,180,14,79,3,1016,105,22,54,12,4,50,88,151,175,1,263,80,40,254,50,46,24,5,1710,19,51,406,38,133,18,18,280,23,17,15,14,124,303,12,8578,0,28,202,109,2,1232,29,25,13,7,5626,65
sample_86,17,152,101,988,18,1,649,231,146,6551,2,103,76,182,3,47,76,195,23,431,15,1592,113,6,118,21,13394,64,1036,71,97,379,5,6,20,15,57,44,1,13,2,39,7,476,24,27,8,16,237,16,50,9,1473,242,62,82,36,2,94,167,138,214,4,628,167,68,341,82,62,80,34,3054,39,86,526,57,239,16,49,669,50,20,19,18,204,809,27,11023,4,35,304,168,10,2235,100,66,48,0,10219,141
sample_87,5,195,109,1202,28,3,704,389,138,10380,2,111,85,115,20,31,63,142,18,395,25,1500,131,8,127,20,12768,136,1089,74,127,356,16,6,40,12,54,53,8,2,0,41,7,369,85,20,20,24,277,22,113,7,1406,309,73,117,28,2,83,184,144,243,0,673,116,47,475,100,71,57,20,2581,21,61,807,78,224,20,58,545,72,25,13,14,202,587,27,14369,0,45,320,241,6,1289,86,49,32,7,10491,105
sample_88,5,330,237,1562,28,1,838,476,192,22849,15,203,49,223,18,138,135,193,82,703,50,2322,226,11,204,29,15063,237,1515,131,154,521,7,14,67,23,110,88,11,40,1,60,11,1013,73,64,8,25,453,20,217,5,2147,605,128,111,93,13,236,350,330,465,3,1062,205,121,743,147,156,120,35,4668,75,86,930,121,546,44,136,1001,86,51,34,26,406,1285,44,23044,0,102,428,303,6,4172,176,97,97,1,22273,275
sample_89,1,161,144,1798,24,0,464,324,161,9436,7,126,32,147,27,27,52,131,51,312,27,1217,130,9,118,12,11237,105,982,77,130,245,13,10,38,33,34,69,3,17,8,35,13,626,26,16,5,13,271,29,117,3,1476,296,73,89,45,6,117,319,136,266,7,562,123,78,454,79,91,79,21,2408,78,95,653,85,204,20,52,498,91,36,11,11,233,720,32,12726,0,59,346,288,2,1807,72,34,59,6,9580,136
sample_90,7,124,110,1098,37,1,487,361,149,6629,5,118,55,144,15,57,62,131,43,302,13,1102,109,5,141,9,10022,75,963,60,92,213,3,6,10,8,37,85,2,0,3,23,4,480,45,17,14,16,161,29,93,8,1183,217,29,63,27,3,99,160,124,164,0,800,94,71,423,78,83,61,19,2509,24,36,515,73,198,33,55,429,37,26,23,23,192,728,33,13206,0,110,189,228,4,1604,61,44,39,2,8713,95
sample_91,7,115,163,695,27,2,386,182,60,5496,2,80,17,150,3,22,73,208,35,321,37,1017,125,12,122,21,9472,146,968,94,105,252,11,19,33,28,56,47,3,20,3,36,5,422,53,11,9,18,237,7,64,6,1462,287,44,105,36,4,67,203,125,259,3,372,106,105,400,103,36,52,25,1845,37,59,545,73,146,52,59,382,61,67,26,9,159,685,28,12489,0,55,275,275,5,1387,63,38,43,4,6652,111
sample_92,2,256,182,2548,36,3,770,532,137,21466,7,195,49,195,4,73,90,222,36,314,33,1616,158,19,140,46,16231,140,1825,79,183,391,8,12,38,4,88,80,6,15,11,61,4,674,64,28,28,10,387,30,148,7,2956,238,187,96,45,10,132,334,150,235,4,620,178,79,769,178,100,76,32,3064,52,75,800,113,318,42,123,701,56,41,27,16,348,1131,71,16976,2,62,365,401,5,2366,93,61,80,4,13259,165
sample_93,4,102,98,589,7,0,360,145,60,4117,15,51,19,70,9,48,40,120,16,221,20,765,56,4,50,18,8209,49,632,25,123,199,4,1,8,17,23,60,0,0,1,22,0,288,39,7,7,11,160,6,99,15,1279,121,59,66,37,9,50,75,74,175,0,416,124,60,270,53,50,58,22,1630,24,25,513,24,128,25,35,429,44,15,6,10,174,434,27,9106,2,43,137,153,1,1481,34,16,34,0,6259,58
sample_94,10,199,194,1242,26,2,822,366,121,8028,13,118,63,156,9,36,112,247,47,292,48,1717,189,14,62,35,12924,124,1209,100,168,390,4,9,13,17,53,56,9,17,4,45,6,565,81,27,21,15,328,46,214,14,1810,334,100,116,35,7,124,267,124,370,0,828,154,114,462,106,123,77,44,3598,56,51,907,94,316,31,96,589,67,41,14,25,431,1047,39,18201,0,66,457,320,1,1779,116,57,48,2,14069,185
sample_95,4,237,176,1752,40,2,529,355,134,14754,7,187,70,195,17,82,82,138,35,432,34,1986,140,20,121,5,13149,113,1308,42,113,504,22,13,43,17,57,59,5,4,22,53,13,490,84,16,8,10,388,10,216,6,2437,368,111,214,49,1,136,162,149,359,5,714,169,72,522,96,124,100,43,3398,61,63,965,108,308,60,69,755,102,41,27,23,222,1097,25,17786,1,73,437,311,20,2559,89,100,28,3,9138,191
sample_96,12,372,257,1127,26,2,849,372,143,10329,12,158,71,287,16,75,139,262,50,559,35,1988,247,10,275,51,17823,273,1833,151,223,476,18,42,64,26,141,123,18,12,8,74,19,824,66,36,21,37,620,30,175,18,3652,448,190,173,118,8,258,536,258,578,16,1212,267,188,688,280,134,142,46,5193,65,100,1488,176,436,35,233,1368,55,69,24,52,403,1854,64,32163,0,134,558,636,4,4069,178,72,74,0,18479,170
sample_97,21,178,212,1100,35,1,890,570,198,12422,6,118,56,182,16,45,130,151,44,391,30,2014,210,7,178,31,10133,142,1258,53,177,470,9,11,70,12,40,62,7,10,13,34,2,529,39,12,19,30,425,37,103,3,2201,321,88,117,48,3,121,278,158,184,0,947,171,83,613,142,100,84,20,3969,31,93,858,74,205,45,96,756,99,54,10,21,270,1126,74,16725,0,80,483,351,11,2110,116,100,41,2,9177,205
sample_98,22,253,194,1485,49,1,1138,496,166,13088,10,140,72,137,40,91,113,259,33,539,50,2357,171,18,156,28,14166,156,1346,99,128,403,0,46,51,41,61,65,2,19,0,58,15,452,53,48,14,19,467,24,144,3,2855,357,76,199,30,17,81,206,231,238,0,855,181,76,617,153,155,119,42,4314,68,70,870,86,316,36,65,745,72,44,14,20,315,1152,57,17981,0,33,431,337,8,2121,99,40,47,1,15530,113
sample_99,8,191,90,992,42,0,797,280,133,12617,2,103,53,90,20,30,90,140,28,346,28,1386,126,5,194,18,9903,114,1174,71,165,242,3,5,29,7,30,96,16,4,3,76,12,420,42,11,13,19,319,21,131,11,1221,298,62,81,28,5,104,201,151,251,0,690,96,73,397,74,55,107,7,2733,31,36,522,100,213,35,59,625,93,45,28,37,220,775,38,9919,2,65,280,198,3,1775,121,43,66,9,8139,165
sample_100,5,105,90,759,16,0,284,249,56,6811,0,83,37,95,22,27,33,63,37,247,11,878,86,5,71,14,6263,80,564,22,78,157,4,11,31,23,38,23,3,8,2,19,9,271,40,7,3,7,205,3,76,11,896,79,46,50,38,4,65,179,121,163,0,444,70,54,306,69,90,32,13,1904,37,28,449,18,86,6,31,312,35,27,2,2,172,606,17,8023,0,37,177,129,5,1467,49,54,18,7,6204,77
sample_101,14,293,208,2024,32,3,1471,644,210,21388,35,221,81,165,35,49,128,327,59,544,47,2168,196,27,139,23,15226,227,1865,92,141,413,5,19,33,8,62,122,24,16,8,56,22,532,85,24,11,15,382,25,149,23,2958,384,106,178,43,8,184,309,226,383,0,911,185,108,752,129,137,105,45,2714,48,86,1016,108,325,63,74,950,81,45,10,29,419,1246,83,17530,0,94,397,338,10,3108,144,118,85,6,20424,139
sample_102,4,126,115,978,16,0,588,166,97,9719,2,87,30,113,3,53,60,139,23,243,23,1144,118,8,77,18,6804,59,997,56,92,182,4,5,22,2,38,34,3,5,0,18,6,313,35,10,7,7,257,26,70,6,1351,205,50,102,22,4,85,120,135,190,2,377,84,65,252,144,35,41,11,1838,35,67,540,39,92,27,53,388,66,15,22,7,155,615,24,7590,1,31,186,200,2,1511,92,39,48,3,8109,109
sample_103,7,229,222,2328,49,3,763,412,190,16030,15,147,67,254,11,83,86,233,19,533,23,1381,193,7,253,17,13890,202,1233,110,116,448,28,18,53,12,70,93,3,18,2,41,25,615,49,16,13,23,426,33,197,37,2097,293,102,175,52,5,158,246,249,328,5,848,145,121,535,115,122,112,26,2476,67,57,749,143,202,53,62,560,114,47,30,14,356,1303,25,20262,1,67,368,345,6,1816,130,64,52,0,16884,260
sample_104,14,184,109,1670,27,3,479,291,128,16070,5,70,41,203,3,43,76,210,12,372,20,827,184,7,90,10,11384,130,772,74,106,160,1,29,21,21,50,71,8,4,0,48,12,403,53,8,6,9,350,36,105,13,1257,262,66,120,42,2,84,252,137,224,1,648,83,64,417,98,75,55,31,2762,34,36,661,82,153,24,88,536,51,68,19,16,248,843,33,11922,0,94,239,220,6,1655,65,40,47,6,11568,110
sample_105,5,303,173,1574,9,1,810,406,137,12514,12,140,72,166,8,89,103,260,27,411,66,1935,173,21,179,20,14646,111,1432,87,191,452,3,31,29,2,94,73,10,9,4,42,6,674,89,24,19,32,439,37,157,20,1896,452,98,144,59,26,156,191,233,404,4,1173,134,86,475,144,106,67,23,4130,40,71,1044,115,334,77,118,841,83,52,37,36,356,961,46,17555,1,79,347,421,8,2664,140,88,59,0,15277,216
sample_106,18,193,179,1724,40,0,438,250,98,12818,13,126,80,137,3,62,86,189,28,295,22,1733,242,7,135,18,12083,170,1168,83,150,391,2,20,41,33,38,72,7,3,14,20,8,596,53,11,6,14,393,27,159,10,1760,340,142,115,26,14,137,245,184,318,4,896,197,72,587,87,72,43,18,2697,42,93,835,91,242,44,85,704,57,54,14,13,270,964,34,11773,0,46,405,284,0,1826,60,71,22,2,9461,198
sample_107,5,200,130,1571,40,1,573,386,60,13173,9,107,66,164,13,36,100,198,31,319,28,1400,133,13,121,14,14627,142,1174,83,114,349,9,6,23,7,34,63,0,11,3,45,6,548,24,22,12,16,344,23,87,3,1939,317,84,78,50,9,108,144,105,307,1,703,131,118,370,119,115,56,27,2506,20,52,611,107,248,36,88,661,86,43,6,14,222,680,42,10756,0,44,256,304,2,1801,159,56,29,2,13027,63
sample_108,9,312,143,1876,37,4,895,430,149,16451,6,149,87,193,2,127,112,202,26,524,35,1922,306,15,187,31,18096,176,1564,100,200,512,8,29,43,11,67,97,6,15,13,48,15,630,83,9,11,24,520,16,171,4,2775,432,71,204,30,2,97,305,159,262,1,963,155,100,728,144,133,73,14,3009,32,85,709,152,404,34,104,978,88,44,30,11,355,1173,42,24686,1,77,344,364,15,2715,162,67,54,2,15991,143
sample_109,9,101,64,474,14,5,305,161,35,5220,10,56,28,47,29,14,26,51,8,229,15,608,71,2,25,6,5838,37,576,59,47,125,1,8,13,7,29,16,0,2,0,19,4,261,16,6,1,2,134,11,78,12,680,120,14,73,9,13,53,61,153,145,0,337,35,46,210,31,47,23,9,1685,7,45,291,15,99,10,48,254,19,7,6,22,88,313,11,9394,1,10,135,145,0,838,61,82,25,1,5714,46
sample_110,3,170,190,1040,41,4,600,279,147,7408,11,97,111,86,6,59,62,145,10,314,16,1210,175,24,134,13,12684,149,1300,83,115,300,20,19,9,19,54,37,2,5,3,36,19,389,40,12,18,19,374,12,91,2,1699,198,60,139,53,3,111,187,157,296,11,716,125,143,438,97,97,46,51,2209,34,69,588,119,255,22,61,594,89,41,20,23,233,891,65,14376,0,71,331,365,3,1911,113,47,45,3,11029,136
sample_111,6,196,167,1762,36,0,522,452,131,16212,9,121,81,172,7,59,113,207,22,395,17,1689,141,9,120,18,10946,154,998,55,143,331,9,26,41,15,43,59,3,6,14,19,17,639,56,15,9,20,405,23,107,21,1592,295,42,127,41,8,121,280,170,259,4,617,168,83,566,120,145,45,15,3685,38,51,819,68,190,31,62,616,52,24,17,41,275,1102,50,14020,0,84,246,235,5,2289,99,59,53,3,11887,170
sample_112,5,231,183,1190,19,1,573,381,74,12287,17,135,47,171,26,62,78,232,22,523,49,2295,114,22,106,14,13145,127,1300,45,109,409,13,31,21,25,45,96,8,5,9,39,15,510,78,27,10,25,319,22,163,30,2198,269,136,114,60,9,107,280,186,498,2,866,217,109,682,164,111,104,23,3102,31,47,640,107,284,29,79,643,53,38,22,31,346,1096,39,18621,1,49,405,332,2,2098,121,79,44,6,7752,185
sample_113,5,94,98,940,28,1,625,295,80,7228,0,117,26,68,4,43,31,96,9,215,10,894,70,8,78,7,6276,65,643,40,83,198,1,8,7,5,23,24,2,0,1,22,3,315,22,19,24,20,208,8,50,5,1136,199,18,49,26,7,78,107,76,175,6,377,106,43,444,65,33,37,37,1572,35,29,300,60,173,12,45,416,75,11,13,9,208,385,19,7999,0,61,136,175,2,1248,56,17,35,0,7933,60
sample_114,4,159,67,678,17,1,326,186,102,6011,24,62,18,132,8,33,73,179,65,325,18,1008,70,16,86,9,8728,129,827,60,90,233,6,12,13,5,48,68,22,2,1,27,2,386,39,11,4,4,271,12,81,0,1151,180,49,88,31,4,60,164,141,190,0,695,96,49,495,82,93,51,16,2593,11,48,441,54,207,35,81,534,47,28,4,16,146,399,41,9791,4,42,278,249,19,1392,136,32,45,1,9465,92
sample_115,4,218,216,1167,35,0,633,429,147,10896,15,117,114,173,11,121,71,209,39,525,55,1677,240,36,137,23,14663,153,1096,88,151,509,0,20,39,12,113,81,4,2,17,91,4,889,60,8,8,9,396,41,118,8,1758,389,120,111,36,10,113,253,213,398,1,815,160,81,518,115,147,59,34,3609,19,120,866,72,437,25,123,559,106,63,10,47,370,1022,47,16591,4,50,382,301,3,2226,141,35,51,5,13773,245
sample_116,1,112,85,947,18,0,445,246,80,7946,4,46,56,69,18,22,58,104,27,203,11,771,43,5,40,30,5563,54,635,41,48,171,1,4,24,8,32,37,9,11,0,17,12,324,40,2,1,14,192,11,86,3,1249,177,52,69,36,4,79,107,58,159,0,508,111,50,238,39,47,26,20,1741,9,32,462,42,110,12,17,314,36,15,19,30,144,496,20,8243,0,38,159,180,3,1374,82,24,37,1,5840,76
sample_117,11,178,224,1205,38,2,996,417,223,14472,17,150,70,209,10,55,155,181,30,527,33,1343,202,20,225,26,16386,212,1454,76,129,306,9,15,27,27,75,84,8,10,5,44,11,781,51,40,8,12,499,32,129,18,2256,316,91,182,36,9,158,296,195,512,1,1166,212,111,592,153,82,64,34,4232,40,64,920,130,198,32,106,713,138,17,10,66,329,1151,63,18950,0,69,380,352,15,2526,97,72,91,0,12795,178
sample_118,7,187,186,1304,40,1,807,312,187,13367,2,149,32,168,21,64,82,131,29,444,21,1333,201,9,119,17,11415,101,1144,81,141,440,10,22,27,8,60,56,13,5,3,31,7,581,82,35,35,16,365,22,120,33,1919,297,81,93,43,13,185,210,157,236,5,734,159,113,523,126,55,41,20,2700,31,55,656,102,277,43,62,595,84,58,20,22,468,1020,31,15779,1,73,461,388,4,1307,168,41,49,2,13189,274
sample_119,9,130,152,1196,49,4,816,383,162,12816,18,194,53,105,4,56,76,153,48,303,33,1588,80,4,118,27,13334,91,817,48,97,391,5,14,25,28,44,67,11,8,12,29,19,459,38,9,27,8,339,10,130,5,1303,206,124,89,37,14,118,138,151,210,3,648,114,106,413,124,80,94,13,2443,32,68,704,61,137,27,74,625,49,25,4,29,238,684,34,11781,0,45,259,275,2,1226,130,41,100,0,9786,138
sample_120,14,199,251,1854,53,5,1143,492,167,12173,11,182,66,202,7,123,86,215,22,495,28,1540,228,12,188,19,18304,115,1381,82,138,311,12,11,33,12,48,99,15,13,7,48,17,591,58,11,11,9,376,20,164,17,2242,357,89,129,32,12,88,380,180,392,4,744,223,128,445,142,118,97,48,3997,58,115,836,92,358,45,79,737,69,23,21,35,278,1118,17,16966,2,51,422,391,44,2213,124,32,44,0,9483,148
sample_121,9,160,200,1564,49,6,903,299,270,14636,8,125,57,211,17,66,127,214,25,522,27,2406,160,33,199,14,11936,107,1254,76,263,490,6,12,34,26,58,57,4,15,9,41,24,672,67,23,10,13,447,43,150,5,2147,272,128,168,126,8,137,289,217,598,5,931,130,81,714,160,136,85,31,3812,29,85,879,127,350,44,85,763,93,97,27,27,326,968,75,15700,0,109,364,421,4,2450,130,71,86,1,12653,138
sample_122,3,223,116,815,24,0,337,237,106,11380,39,84,70,137,4,38,49,261,20,223,20,1507,186,12,153,30,10992,67,1387,62,133,268,15,13,43,11,34,84,28,4,0,26,8,432,81,10,21,7,368,39,116,14,1615,343,38,81,45,13,84,195,136,238,2,795,119,129,478,99,86,49,23,2239,32,52,719,64,150,30,84,674,53,20,17,20,269,703,43,19937,1,36,290,257,4,1929,72,49,55,1,10094,118
sample_123,4,140,100,636,19,0,329,178,63,8451,2,91,36,66,7,43,75,104,30,177,30,828,109,5,95,7,9957,79,724,71,96,276,0,20,22,0,24,28,3,6,1,20,6,296,67,7,10,14,222,12,58,10,1059,159,56,76,22,4,97,131,71,271,4,495,113,65,348,91,50,17,14,1658,27,23,504,53,149,41,96,417,57,38,20,17,198,418,21,11985,0,64,212,236,7,1481,93,59,52,0,8145,144
sample_124,13,253,225,2273,23,8,782,597,156,30394,46,122,67,249,9,88,118,262,61,349,14,2250,174,8,134,39,17722,205,1668,85,165,642,4,7,44,23,66,71,8,11,23,56,8,770,67,27,27,19,384,21,209,7,2876,437,105,107,44,16,171,244,197,242,3,872,228,139,704,121,109,78,32,5109,42,58,986,155,280,38,104,1081,79,52,7,22,333,1107,45,23011,0,87,457,477,8,2402,178,130,48,0,15381,297
sample_125,31,224,312,1932,36,5,1927,654,276,19210,11,247,144,229,32,116,147,486,57,669,75,2444,246,9,124,43,20039,258,1686,122,204,580,28,33,66,14,105,113,28,15,3,67,19,876,70,31,35,42,575,37,255,27,2653,561,120,222,44,8,143,339,291,345,5,1206,181,116,618,147,126,98,27,4941,59,90,1229,108,501,48,151,1027,139,61,47,37,282,1467,61,25035,0,90,649,342,26,3301,193,66,67,1,17366,185
sample_126,2,87,87,828,5,3,651,253,110,9154,2,45,41,102,8,22,32,103,24,212,22,598,78,3,76,8,4283,61,698,48,52,198,1,7,25,2,18,26,5,1,0,12,1,230,17,18,12,1,254,13,61,2,1172,188,77,69,14,4,45,127,103,247,0,403,94,62,284,104,32,32,18,1651,13,42,403,31,107,4,70,290,56,15,8,4,120,422,31,7545,2,39,186,195,1,1022,48,54,11,0,3980,72
sample_127,7,210,104,1203,33,1,674,382,206,14635,5,115,69,113,5,67,58,199,20,431,37,1209,241,11,115,14,13769,161,1522,42,124,315,11,20,31,10,60,73,8,14,6,34,26,814,60,31,20,5,414,23,141,6,1681,342,107,80,44,6,122,244,185,443,0,867,156,110,571,100,84,49,39,3691,52,71,893,114,259,35,118,732,46,25,12,9,307,1211,52,15191,1,91,397,377,10,2047,144,63,38,4,12653,136
sample_128,4,128,102,1026,43,2,432,234,106,11142,2,59,36,79,4,21,44,117,34,219,11,1195,77,26,81,27,8077,117,719,73,100,177,1,6,51,6,45,33,5,3,2,32,2,320,18,3,10,10,194,14,96,1,1460,199,79,46,32,12,69,91,88,192,0,588,78,73,329,71,86,24,13,2307,29,30,569,43,160,4,42,331,52,22,10,21,141,509,33,12028,0,52,219,182,4,1226,52,23,27,5,6481,103
sample_129,5,107,74,1204,23,0,345,286,131,12875,6,67,34,140,4,44,46,137,44,334,20,1254,100,5,86,12,5521,97,663,37,99,270,4,10,14,0,58,48,2,4,6,28,7,431,39,14,4,17,235,23,94,0,1175,212,59,50,13,1,93,169,105,249,2,496,101,66,289,60,59,54,36,1619,21,59,508,83,170,10,12,420,50,20,8,36,162,747,20,9925,0,33,169,140,0,1873,48,46,23,1,5713,78
sample_130,32,595,276,2027,85,5,1804,825,305,31632,23,299,177,275,43,175,220,445,67,1156,53,4294,302,23,180,33,33095,256,2783,187,421,1072,11,25,102,30,207,163,26,38,23,91,22,1177,150,48,47,35,821,52,356,26,5298,524,145,288,107,25,295,562,440,980,4,1456,328,177,1355,263,302,153,73,7523,63,166,2232,147,380,99,124,1999,230,97,41,69,716,1789,98,42755,3,148,622,632,23,4127,297,99,121,13,28103,426
sample_131,1,202,197,1548,27,0,537,445,135,16819,6,145,83,177,5,95,105,271,27,307,38,2247,172,11,180,14,11784,202,1040,89,154,405,1,6,36,22,57,111,10,8,4,35,4,495,40,10,11,7,490,60,163,4,1621,293,95,98,65,8,142,274,179,436,4,603,207,170,489,164,97,124,76,3032,46,52,810,194,399,22,149,780,109,62,20,19,301,884,44,15873,0,78,367,190,4,1846,78,94,44,4,12737,212
sample_132,2,220,108,2082,57,1,540,448,123,16589,10,129,53,124,9,42,49,194,29,310,34,1713,162,22,124,33,12302,124,1138,73,151,352,14,25,29,8,55,85,1,3,4,76,10,584,64,7,14,11,286,42,127,2,1937,424,89,72,42,17,134,216,155,349,4,715,130,57,529,68,103,98,31,3046,30,64,844,116,295,39,61,704,99,52,16,9,245,800,36,14513,1,67,224,258,10,1859,93,66,72,0,12542,93
sample_133,3,118,210,1013,33,2,1024,334,166,14263,8,97,64,182,20,42,66,225,24,410,30,1542,147,28,148,15,12994,159,1314,82,94,355,8,5,35,10,39,44,4,12,3,46,11,540,115,10,18,6,342,38,167,1,2644,351,112,108,60,3,144,303,140,288,1,650,200,86,459,119,102,118,44,2699,48,41,676,91,216,18,56,795,81,65,11,13,289,973,45,15686,2,53,324,406,3,2482,92,61,41,0,9227,223
sample_134,10,187,96,1078,10,1,380,223,108,10168,2,93,59,106,5,74,46,237,24,454,29,1586,111,13,92,18,9644,115,725,58,94,285,5,37,27,10,27,47,13,5,8,19,8,457,21,5,16,19,256,15,93,2,1497,182,57,88,44,2,105,165,119,260,0,442,140,80,456,78,87,68,32,2661,35,56,578,53,164,33,64,327,50,19,43,13,280,700,63,13846,0,31,259,186,0,1576,73,38,31,1,7748,127
sample_135,10,165,136,1615,23,0,565,312,182,22725,15,118,51,158,6,50,78,210,31,418,38,1819,151,9,142,12,13006,114,1335,52,108,346,11,7,26,10,53,41,10,10,1,43,16,510,44,11,9,14,246,12,157,10,2448,324,68,105,27,6,108,191,121,286,11,711,91,117,391,124,87,65,12,2828,27,70,564,69,255,38,46,546,83,34,12,3,264,662,24,11483,0,46,293,268,0,2035,91,52,42,0,12876,88
sample_136,16,219,230,2905,53,0,849,524,278,14951,25,276,70,204,29,60,180,278,39,550,27,2588,179,14,226,22,17873,223,1911,81,221,456,5,11,55,17,77,121,0,9,3,75,15,689,69,22,17,27,409,8,176,16,1971,381,157,167,39,12,167,273,287,479,12,1106,244,100,634,135,146,79,93,4414,36,141,1108,117,256,45,50,912,84,61,25,66,298,860,63,21076,0,50,402,424,3,3717,213,100,56,17,15842,275
sample_137,6,364,193,2337,28,5,895,415,345,17017,24,216,185,219,26,59,149,395,52,608,47,1956,206,10,301,45,33265,249,1424,159,248,855,7,44,40,37,92,206,9,21,3,37,4,1248,81,34,43,27,529,65,208,24,3210,477,161,183,65,16,248,359,295,582,13,1314,355,127,972,179,177,160,64,6458,45,179,1301,137,475,73,160,1281,211,62,56,33,443,1847,101,29120,1,125,432,509,3,4114,259,99,110,3,23365,296
sample_138,14,77,119,1095,24,1,512,214,125,13325,10,61,21,68,1,12,50,144,26,291,4,937,74,4,96,9,10495,111,676,37,71,366,7,6,55,7,27,48,20,7,0,26,15,330,38,4,15,8,243,23,148,7,1342,167,67,64,27,0,83,184,98,232,8,532,90,51,300,67,46,24,15,1731,13,24,480,84,131,23,30,556,41,17,14,6,185,460,40,11223,1,51,249,185,14,1125,100,33,44,0,9125,133
sample_139,13,206,103,1179,25,0,393,260,82,11166,2,103,60,119,26,68,74,165,38,284,23,1182,120,18,102,22,8904,116,942,67,117,219,1,4,20,5,51,40,9,10,16,22,6,458,50,13,7,31,195,22,94,13,1323,204,71,64,28,2,120,175,229,240,1,774,95,97,312,101,91,57,28,3088,51,36,673,81,164,53,54,446,39,37,12,9,221,710,50,14069,0,66,312,271,4,2111,92,56,61,12,8580,115
sample_140,24,180,204,1420,61,2,922,343,158,12363,11,95,79,184,8,23,97,195,28,348,34,2199,139,7,161,28,15439,142,1434,58,129,403,0,34,41,16,64,51,9,8,1,40,11,655,117,18,9,31,455,18,110,13,2584,252,80,116,25,14,185,352,122,240,8,787,149,75,564,116,89,56,47,4322,53,51,991,80,364,23,64,778,90,39,11,23,290,982,44,17232,0,82,246,248,17,2162,101,67,68,1,9326,161
sample_141,9,106,183,1433,54,3,699,321,136,11127,1,151,48,94,4,90,66,160,24,227,40,1489,119,1,95,25,9451,133,1124,80,148,339,6,5,30,4,83,43,1,13,6,39,1,443,52,26,19,34,284,24,120,13,1450,241,47,96,51,12,143,171,76,250,1,547,86,45,219,115,46,84,12,3144,22,35,630,73,147,37,76,600,31,33,34,13,203,783,18,14723,0,93,204,276,0,1745,106,44,30,1,9826,100
sample_142,8,155,120,1096,20,1,638,174,104,10126,9,145,86,113,9,42,71,154,1,319,18,1368,125,0,72,33,7526,82,828,78,97,392,5,9,19,6,24,69,4,6,6,33,10,325,43,4,2,13,277,5,73,4,1559,269,48,87,46,1,98,167,189,183,3,596,111,68,262,62,92,38,14,2939,31,30,562,75,165,25,66,494,39,11,9,18,173,551,25,12461,3,54,277,223,5,1242,50,60,25,0,8592,177
sample_143,9,150,90,928,32,2,889,253,82,6526,3,94,30,72,4,45,56,120,31,231,12,962,49,15,72,9,6343,103,1000,50,71,206,7,4,15,3,32,50,9,9,12,22,1,364,27,16,27,16,255,20,63,14,1115,187,66,67,22,10,96,213,105,258,9,515,108,43,328,74,54,78,9,1988,14,35,605,49,238,19,53,305,61,12,8,19,148,602,39,9268,0,65,206,178,10,1379,63,32,50,2,8208,100
sample_144,10,177,233,1646,27,9,885,401,169,13690,18,89,44,213,28,64,78,210,27,492,57,1540,137,11,79,28,13069,153,1147,69,131,633,12,9,57,15,67,96,7,9,14,44,6,581,76,26,27,23,362,19,116,7,1441,362,127,173,40,4,157,261,178,328,1,906,205,79,474,68,109,89,41,3757,35,84,776,64,231,24,71,903,65,54,19,9,286,1211,33,20300,0,44,238,351,1,1910,106,80,62,0,14749,170
sample_145,14,123,120,1226,37,1,571,357,179,9476,10,68,54,97,0,39,56,203,21,226,31,1406,108,10,128,16,11760,141,871,70,84,288,11,21,55,5,35,56,4,7,0,39,11,484,42,10,8,12,331,3,108,1,1567,162,63,94,38,11,104,199,198,296,3,701,138,106,400,89,69,75,18,2199,42,44,537,68,258,21,25,433,63,34,4,12,277,722,79,15055,8,70,242,281,10,1659,53,30,27,0,10307,72
sample_146,6,209,212,1467,28,1,450,418,94,13311,17,136,79,182,22,107,94,287,42,418,52,1795,172,22,203,34,14512,98,1116,75,177,401,6,11,40,16,51,76,8,5,15,31,25,676,69,23,17,14,414,59,200,3,2122,427,76,109,60,5,124,237,164,280,0,811,193,147,404,138,106,86,28,3872,32,88,609,99,289,71,75,601,102,46,19,33,228,1223,42,17882,2,45,392,300,1,2316,81,58,69,11,15952,208
sample_147,17,135,165,1237,30,0,582,263,120,11715,9,116,69,173,10,30,53,151,35,224,31,1229,103,20,86,34,10768,74,934,91,110,350,3,16,30,5,55,57,3,14,0,37,12,396,60,12,1,11,267,8,142,1,1671,324,30,96,26,3,107,162,124,207,0,588,118,88,576,119,58,63,12,2819,17,78,642,52,272,26,62,492,65,23,30,22,227,512,55,12376,0,97,301,226,1,1976,69,67,49,13,11905,111
sample_148,33,246,192,1309,51,0,638,509,263,14584,9,203,120,161,24,71,115,355,37,573,37,1842,258,15,183,42,10357,172,1973,95,222,435,11,16,55,14,61,91,2,13,13,58,28,804,153,28,27,23,533,19,135,30,3065,236,121,125,112,10,200,236,147,524,5,1038,248,157,547,161,92,73,23,3424,46,110,1022,108,359,24,69,1012,85,36,57,38,430,1134,35,23605,0,80,394,410,2,2276,157,81,78,1,15521,142
sample_149,2,101,118,854,21,1,579,297,104,8967,16,92,25,82,2,16,80,192,12,288,25,1006,95,1,58,7,7078,75,628,50,95,209,4,11,15,4,50,36,0,10,0,17,8,351,52,15,2,1,223,16,59,8,1044,205,57,61,21,2,68,124,94,99,1,370,70,60,377,44,46,51,34,1630,11,49,461,67,158,21,55,364,23,17,22,15,138,521,36,7717,0,54,283,124,0,1047,73,37,34,0,6383,130
sample_150,3,124,173,1196,26,0,412,208,125,11149,12,86,50,104,9,61,123,120,16,292,25,1238,154,6,61,10,8402,132,1018,52,205,267,5,13,23,12,25,43,9,4,0,33,7,397,33,18,9,7,190,9,95,8,1682,291,63,107,47,8,96,183,174,242,0,460,157,100,403,75,84,37,32,2610,22,66,732,73,178,23,82,416,55,42,12,27,176,632,33,11222,0,48,360,279,3,1934,84,46,42,1,10136,110
sample_151,0,99,61,521,12,0,179,168,47,4953,4,47,31,66,3,64,44,61,27,180,6,970,91,2,50,6,4045,53,493,27,95,138,2,15,12,8,14,56,4,0,12,21,5,200,42,5,9,7,137,4,88,6,827,151,13,42,19,2,54,90,88,114,3,425,76,32,229,38,37,19,14,1582,17,18,298,37,109,10,34,278,13,15,4,6,181,326,9,5956,0,21,133,100,1,802,42,19,47,0,5206,43
sample_152,3,188,104,1627,41,1,637,290,139,16455,2,124,45,88,4,44,77,216,17,268,35,1809,140,16,96,9,9076,82,1029,55,106,292,6,11,16,6,52,53,3,3,6,27,5,462,27,19,13,9,382,36,119,23,1471,259,92,122,48,0,110,140,195,256,2,804,128,52,449,85,72,67,13,2753,15,61,568,73,228,28,98,634,61,31,14,28,137,939,27,11580,2,50,206,321,8,1615,155,56,76,3,10274,186
sample_153,9,317,286,2236,30,0,1023,606,250,18523,11,192,107,262,29,160,139,300,109,690,19,2701,228,20,200,38,20509,188,2133,120,218,654,3,16,55,19,85,138,16,6,0,38,13,877,91,32,31,27,612,39,252,16,2851,548,90,160,62,11,178,319,320,495,5,1423,205,156,896,207,111,58,41,3954,67,62,1327,115,423,52,119,884,107,69,31,57,480,1443,69,26624,7,82,610,491,10,3416,144,58,76,0,26464,226
sample_154,14,208,261,2303,15,3,667,477,132,16531,11,137,60,190,36,72,113,188,47,545,49,2172,171,21,176,25,17276,173,1911,83,128,421,8,24,42,11,77,88,18,0,0,38,9,736,91,34,24,38,433,43,218,17,2318,378,90,145,81,7,173,241,165,407,1,1125,165,67,659,99,92,82,35,3597,30,100,938,121,314,62,136,911,51,55,13,30,387,798,47,22884,0,74,325,376,4,2574,100,52,105,2,16935,172
sample_155,10,132,197,1166,35,2,673,330,183,7322,6,124,48,168,9,64,82,128,25,205,32,1548,212,19,108,34,10968,103,1340,75,89,364,4,21,40,14,58,82,13,7,3,48,4,647,59,35,14,16,417,20,128,10,2161,242,96,100,67,17,82,317,161,341,1,933,125,143,514,62,106,106,35,2787,65,68,638,35,280,22,62,529,85,67,47,14,290,931,27,13842,0,58,332,296,0,1588,120,42,26,2,10400,154
sample_156,3,64,64,769,23,0,364,310,80,10802,7,59,13,46,3,17,47,72,13,111,15,476,45,10,49,4,5313,51,599,26,52,174,0,1,20,1,8,33,1,0,0,23,4,219,42,5,4,6,125,4,36,1,740,147,28,39,32,2,34,113,63,99,1,259,38,75,225,25,32,22,11,1305,10,17,299,24,112,6,28,186,9,9,17,12,110,325,12,5493,0,10,142,140,0,549,72,12,27,0,5240,58
sample_157,10,215,157,1813,26,3,485,363,131,13290,11,141,83,122,10,52,79,198,28,361,46,1409,170,8,130,12,14173,98,1044,69,166,298,22,14,18,13,65,72,3,3,2,45,8,762,52,41,17,20,402,22,97,7,1876,426,74,117,58,7,116,181,182,220,3,741,172,122,550,91,97,67,28,2995,43,48,745,67,221,51,60,688,75,33,15,20,269,1021,34,15558,0,31,343,324,25,2563,63,48,50,0,10736,122
sample_158,4,140,123,1049,17,0,505,245,112,8408,6,116,34,85,3,61,52,102,40,334,27,1130,130,12,54,11,9281,86,852,59,86,239,1,5,36,7,53,26,11,6,0,46,9,438,82,13,7,22,205,6,81,9,1169,198,104,91,29,13,65,208,98,176,0,542,94,82,347,92,99,53,11,1774,13,35,472,76,137,13,41,457,64,12,5,13,201,595,25,11308,3,42,252,165,9,1629,105,64,62,10,9589,104
sample_159,8,265,183,1186,36,1,714,260,183,11271,28,167,77,184,11,87,135,227,46,595,30,1713,176,17,151,33,13045,124,1196,63,228,481,3,23,44,28,70,41,6,1,5,55,18,695,99,31,22,24,483,48,164,12,2334,393,102,117,30,1,150,262,276,311,12,1121,163,110,532,134,106,82,17,3637,44,62,1188,70,367,54,119,808,60,29,23,21,387,989,55,20318,1,67,512,366,2,3088,141,79,50,0,14676,112
sample_160,14,183,143,962,28,5,545,296,133,9611,15,129,49,113,2,60,68,210,33,222,36,1377,159,6,142,20,10133,92,1195,48,166,295,3,15,30,20,68,53,1,4,3,17,7,641,40,17,14,11,366,18,145,14,1763,243,86,60,62,3,91,204,103,226,1,651,83,66,387,71,128,70,19,2855,29,42,701,70,205,15,57,546,85,60,34,15,196,936,31,13505,0,40,269,246,6,1410,86,48,51,0,8905,108
sample_161,4,253,157,2125,12,1,629,297,168,16193,28,149,51,166,13,94,99,283,25,476,38,2034,168,5,122,28,14701,163,1747,68,131,311,5,9,65,14,63,84,9,7,9,22,6,612,74,24,14,21,412,33,146,14,2873,501,116,157,31,5,157,371,132,431,1,1083,146,130,545,102,111,100,55,3352,41,92,608,114,257,23,67,654,67,29,17,39,265,1055,61,15435,0,53,319,299,10,3257,127,46,69,0,8056,185
sample_162,1,183,137,1351,19,5,394,296,103,16417,11,75,75,192,0,40,67,122,24,251,34,1132,124,5,149,7,9637,89,998,78,114,370,12,6,20,3,33,60,9,10,2,29,11,491,31,16,10,16,366,20,101,9,1396,261,51,113,40,6,73,281,144,265,4,639,67,99,450,130,78,59,4,3078,40,122,785,66,289,19,64,622,55,16,22,17,252,856,22,18635,0,81,290,258,5,1740,86,38,76,2,11634,164
sample_163,7,143,185,1263,33,0,458,198,138,8059,16,95,42,113,12,44,59,208,33,402,19,1388,133,33,114,23,12044,93,1087,89,92,354,0,14,37,7,62,42,16,1,1,11,0,398,43,11,17,22,337,21,165,2,2041,221,36,128,36,9,79,161,154,297,0,683,135,90,483,108,57,69,27,2814,24,61,622,70,221,36,83,541,49,38,17,20,206,893,36,12870,0,49,286,288,2,1277,98,35,74,1,11276,140
sample_164,19,170,228,1727,92,1,1217,571,170,19184,6,128,30,179,6,34,88,209,32,402,25,2074,144,6,160,31,11248,163,1061,77,113,409,9,3,51,22,48,55,0,5,2,23,10,500,39,31,12,34,505,32,122,13,2218,247,116,89,28,11,111,199,142,431,0,756,162,87,594,102,115,85,22,4020,27,83,946,91,176,17,102,591,30,46,27,10,312,804,40,15679,16,65,380,419,6,2511,113,76,44,2,10859,171
sample_165,3,138,101,712,13,0,439,167,92,9276,7,69,61,103,16,25,69,81,14,223,17,905,92,3,102,14,8602,124,802,72,116,245,3,5,12,8,57,55,6,24,2,32,7,353,47,45,10,8,200,2,106,1,1169,171,55,64,14,2,90,155,99,196,1,510,139,31,373,58,61,14,14,2429,17,68,560,52,207,7,37,418,65,30,12,37,228,482,35,10220,0,36,215,161,4,1245,58,52,43,1,7964,84
sample_166,2,127,155,757,3,1,534,232,94,7195,5,62,73,111,15,28,87,104,30,293,29,1057,79,15,112,11,10741,102,634,90,120,223,19,11,37,14,51,54,2,4,3,17,25,391,87,4,13,4,281,8,55,5,1754,187,66,64,78,11,133,272,96,142,10,500,113,48,452,80,92,44,17,2229,12,28,461,77,171,51,60,606,31,53,8,17,206,822,28,11561,0,24,256,198,4,1933,95,35,24,0,8747,133
sample_167,8,160,165,1068,31,0,541,333,92,11490,6,113,33,163,0,89,58,157,40,366,36,1188,120,11,119,19,11352,125,1133,81,116,279,5,20,30,15,65,40,3,20,6,39,8,290,82,10,13,29,348,33,155,4,1650,229,59,97,43,4,110,147,85,279,1,772,176,90,348,97,106,62,12,2755,33,47,593,72,165,38,48,583,46,18,22,14,292,670,19,14178,0,100,285,263,13,1537,73,52,57,5,9500,145
sample_168,8,159,159,936,31,0,677,308,187,9730,11,115,53,110,14,75,57,166,21,386,35,1556,119,5,93,7,9989,103,808,71,148,300,3,19,21,22,66,98,11,9,6,47,2,568,96,11,15,10,337,7,139,10,1854,288,94,80,50,4,87,203,159,223,5,515,151,70,500,103,79,46,25,2955,43,68,668,101,273,53,78,702,68,30,8,21,258,644,23,14124,0,58,237,278,15,2273,50,56,32,1,11479,120
sample_169,17,192,282,1710,28,0,967,440,136,15767,5,224,71,196,7,54,104,228,38,735,45,2598,189,10,173,29,11993,180,1992,64,154,522,15,41,70,1,64,76,6,11,3,41,18,406,61,17,12,14,439,12,167,10,2357,398,131,112,82,8,161,281,222,227,1,770,179,118,484,170,106,63,32,5059,52,75,1096,105,370,42,143,819,74,43,14,25,383,919,56,20179,0,84,311,402,6,1963,171,87,86,2,19724,184
sample_170,13,278,201,2394,37,0,690,373,89,20849,20,182,53,178,8,77,79,248,51,528,27,2555,200,33,129,25,13490,183,1543,65,116,479,7,21,41,25,109,94,11,16,2,60,10,888,62,12,33,21,476,29,171,15,2683,485,123,163,36,6,109,204,234,328,1,1228,291,167,441,223,104,85,28,3361,27,83,1039,85,351,43,117,786,85,43,14,29,280,1097,50,24654,0,105,348,405,20,2545,138,80,84,4,20149,175
sample_171,0,180,168,947,17,0,629,256,108,10239,6,85,33,117,9,66,54,145,20,315,16,1969,147,14,138,17,12607,148,1075,72,151,396,4,20,37,30,61,86,8,6,5,35,14,330,63,7,18,15,392,26,150,10,1852,215,56,110,38,22,104,282,200,368,4,997,147,90,434,92,116,66,24,2307,32,59,783,72,171,25,74,679,101,31,25,18,207,1066,40,11749,0,54,306,256,4,2149,111,33,54,0,11427,78
sample_172,1,225,196,1299,47,2,906,443,148,13520,20,156,96,184,6,55,135,170,60,435,13,1747,122,11,132,41,13833,142,1797,69,203,378,1,13,36,16,41,70,1,13,13,60,8,671,63,23,21,24,352,62,117,14,1827,298,87,138,79,4,104,206,184,351,3,763,124,92,473,100,91,112,17,3827,32,118,997,62,309,17,122,732,63,34,37,18,328,982,41,16338,0,73,357,422,6,2785,59,60,80,4,12482,137
sample_173,28,295,246,2539,62,0,1700,522,374,17756,17,192,108,362,49,97,160,345,58,616,36,2941,306,36,203,49,20458,239,2165,152,229,541,11,10,92,16,102,79,19,16,2,67,8,955,122,50,15,16,648,57,267,13,3729,602,128,254,71,39,180,381,323,697,5,1674,243,157,661,219,153,150,49,6277,61,125,1224,189,441,69,161,1002,96,43,41,40,505,1833,56,28687,2,99,485,643,9,2427,241,97,77,9,17986,244
sample_174,4,266,115,1231,8,0,865,309,198,12965,6,129,93,145,15,103,92,195,57,417,12,1633,241,16,191,29,16463,202,1284,120,119,497,13,28,51,11,48,65,18,12,0,53,14,787,75,24,51,26,386,19,198,8,2931,341,99,172,54,19,128,273,141,497,7,1162,147,80,551,150,111,47,28,3329,18,115,1349,103,361,48,111,844,78,78,45,15,397,1144,50,19265,4,63,359,428,11,2813,156,71,85,3,13629,178
sample_175,9,296,87,2229,43,1,611,348,183,13988,13,174,66,217,23,152,137,241,52,555,42,1996,201,21,214,29,11333,142,1455,118,91,478,18,28,52,10,55,107,21,40,5,58,11,675,76,17,17,11,445,21,205,21,2162,463,60,139,65,15,90,285,251,487,15,1043,182,94,614,128,116,102,29,3488,48,44,781,116,398,54,133,801,107,36,11,20,329,954,49,18958,1,67,298,366,5,3072,128,69,76,5,14326,279
sample_176,15,206,201,1271,66,1,1096,330,219,13340,2,172,46,135,9,83,112,161,23,493,37,1967,151,14,163,12,13736,131,1740,82,179,420,5,10,36,9,76,54,18,11,0,48,23,688,53,28,30,18,361,14,164,17,2396,469,104,156,57,19,88,294,135,422,8,830,156,86,487,87,110,100,40,3162,34,93,757,139,301,32,90,715,81,79,13,28,334,843,39,19110,2,90,318,313,20,2068,164,46,45,1,13609,213
sample_177,11,97,135,959,13,2,552,246,135,5658,8,58,18,102,9,50,62,156,15,222,28,813,100,9,98,18,7547,81,806,59,52,194,5,5,19,15,42,35,16,8,1,35,12,423,24,14,11,10,276,7,97,7,1279,143,39,81,18,2,97,231,118,222,5,679,65,54,388,79,92,47,21,2599,43,30,629,42,159,10,44,539,38,45,6,15,178,542,26,10095,1,32,261,209,4,1407,68,25,38,0,8996,79
sample_178,22,298,220,3413,75,3,1664,709,347,21275,13,212,134,301,38,110,172,366,45,625,46,2884,275,8,205,23,17215,237,2096,110,261,638,13,39,31,33,99,76,34,14,11,39,15,965,89,29,13,35,677,34,244,9,3692,414,105,204,57,12,224,324,193,554,0,1303,307,169,949,221,104,97,47,7013,41,138,1272,181,516,45,108,1142,118,45,37,31,474,1916,46,28254,1,78,440,406,13,2326,168,99,71,2,20098,213
sample_179,12,220,255,1626,29,5,810,586,225,13814,4,137,54,241,20,63,111,291,76,685,22,2191,132,7,152,35,15003,196,2011,117,197,361,27,51,52,22,52,94,9,13,6,35,19,686,47,31,22,42,430,15,89,12,2676,413,134,169,58,19,129,285,177,394,8,1006,291,152,593,175,110,121,37,5486,56,32,1030,94,301,25,73,990,82,34,11,30,303,1318,46,19035,2,57,316,422,10,2833,175,99,56,6,14613,191
sample_180,10,194,95,952,34,0,625,220,110,9451,4,99,52,135,3,35,52,168,29,252,24,1143,131,16,102,13,14191,89,859,16,111,261,5,21,14,25,36,68,16,0,3,42,7,484,32,12,22,18,211,11,121,30,1840,264,59,79,35,10,87,194,178,232,2,445,90,100,430,84,60,59,40,2566,40,52,443,87,256,50,43,412,81,39,28,19,361,555,21,12795,1,47,284,315,20,1694,64,26,53,2,8586,146
sample_181,5,195,158,1413,44,1,860,414,260,13497,5,218,51,190,12,59,84,385,50,325,27,1877,219,9,143,29,16795,178,1453,84,195,413,2,27,48,9,74,59,9,21,14,59,32,637,66,27,38,15,465,17,106,25,2088,395,61,179,50,14,131,354,166,292,7,958,169,102,620,112,113,120,28,2756,47,87,789,123,376,56,70,672,71,75,29,18,404,1047,63,23142,2,84,354,457,5,2346,129,28,50,1,11801,179
sample_182,2,71,107,658,11,0,260,196,109,4981,10,74,35,51,4,43,50,135,22,205,29,1076,77,8,115,20,5986,54,898,38,57,242,4,13,17,14,31,39,8,4,17,75,8,369,37,13,22,9,172,23,65,9,1156,130,20,87,24,2,32,138,63,163,0,404,74,102,244,38,49,30,7,1548,22,26,483,42,156,13,45,360,45,19,11,14,176,543,3,8862,0,33,148,102,4,1080,68,11,16,0,6616,77
sample_183,2,308,238,1206,50,0,718,305,156,14353,9,262,44,237,15,99,99,285,41,436,37,2468,201,25,167,58,21513,171,1680,91,179,364,2,14,31,19,81,141,10,13,4,44,24,718,71,40,6,26,660,26,180,8,2541,405,114,188,39,5,122,357,215,648,5,1097,184,93,907,165,118,108,42,4222,27,120,871,156,336,49,136,876,190,63,10,32,524,1195,63,23414,0,45,465,449,9,2653,181,64,90,2,14762,203
sample_184,7,138,154,987,47,9,857,404,110,12352,2,152,47,159,10,48,87,159,53,375,43,1336,157,1,108,6,7967,131,861,66,123,339,10,16,32,12,52,39,4,6,4,20,7,584,52,9,12,14,288,14,66,7,1640,272,50,101,18,1,82,203,100,258,1,629,158,92,463,80,77,70,39,2536,31,98,425,55,149,29,60,478,81,10,9,11,180,857,46,13438,0,45,232,282,4,1660,71,36,63,7,8893,213
sample_185,11,220,149,922,23,1,826,312,163,14647,10,122,78,133,2,41,118,157,30,356,28,2006,168,4,99,18,15485,127,889,60,190,345,12,9,42,6,62,57,12,15,8,24,7,693,50,15,14,15,319,24,129,16,1990,311,45,88,45,9,153,186,133,379,0,770,135,90,538,101,94,48,34,3473,13,52,770,78,255,26,45,834,81,42,23,22,288,950,35,14499,0,46,287,336,2,2172,95,55,47,2,12915,99
sample_186,4,169,125,930,19,1,641,281,138,10754,19,109,39,80,10,50,68,182,14,339,18,1561,120,9,89,17,8860,152,921,44,95,285,6,27,31,12,89,62,9,5,2,15,8,450,68,11,5,11,349,22,108,6,1701,317,70,85,47,7,110,120,177,321,2,637,148,60,549,68,129,19,22,2728,22,42,791,67,141,22,52,418,63,38,12,5,290,918,26,15952,0,52,171,256,6,1905,114,33,32,0,9973,92
sample_187,21,311,185,1569,43,1,805,437,178,16094,16,219,75,216,27,48,83,336,35,617,33,1144,202,32,165,31,16935,164,1422,72,155,467,14,11,59,37,64,81,2,17,9,25,22,611,93,12,15,29,443,37,161,27,2429,457,113,203,51,10,159,334,173,469,6,894,238,94,608,118,117,129,32,5001,34,97,889,64,374,33,95,614,86,44,28,53,288,1390,58,24174,0,53,322,322,10,2787,167,60,84,4,16666,239
sample_188,5,109,159,1247,20,1,466,319,88,10950,7,126,20,105,19,36,45,150,17,238,14,949,139,18,90,34,11942,102,832,39,76,208,4,7,20,11,23,40,6,6,10,18,3,527,44,18,17,14,262,8,94,7,1490,163,79,73,45,11,105,200,140,210,0,399,68,65,308,100,76,48,42,1721,19,38,500,70,111,17,47,429,42,28,26,11,135,604,46,10296,0,38,297,220,2,1723,50,23,43,3,8277,82
sample_189,10,256,214,2455,87,1,867,466,230,19508,38,164,86,269,7,58,105,246,51,555,27,2118,195,19,174,22,15505,175,1735,146,135,474,1,25,39,13,61,67,9,16,17,67,24,969,91,51,22,41,392,38,133,1,2105,385,94,99,103,17,214,205,208,506,6,991,271,112,695,187,153,89,46,3170,54,61,984,111,445,52,129,917,83,79,23,38,407,1489,47,20650,0,88,441,491,1,3319,190,58,46,8,14161,153
sample_190,5,212,116,1508,31,6,416,289,109,14540,10,83,53,123,9,49,72,227,14,368,24,1460,108,11,95,6,14069,145,1089,51,134,321,5,15,33,11,41,45,17,3,0,61,13,480,41,8,9,17,269,17,101,2,1713,323,72,103,38,5,135,171,160,328,0,628,114,95,359,85,84,47,9,2780,33,73,628,72,199,18,76,541,52,60,8,9,274,862,28,11231,0,62,231,184,0,1600,79,41,38,2,10146,130
sample_191,3,111,147,764,8,0,370,194,95,6704,4,96,22,111,15,39,39,172,30,239,18,1058,114,12,130,6,8558,106,699,78,109,289,7,11,25,10,89,68,11,5,11,28,15,414,40,23,11,27,267,12,89,6,1555,254,44,54,39,4,76,119,112,169,2,570,92,63,367,100,64,23,17,2089,28,53,605,79,220,22,29,450,26,30,34,6,218,628,27,13568,0,32,195,161,2,1263,89,38,37,0,9418,119
sample_192,2,178,101,969,47,0,552,301,116,16055,10,91,53,119,5,22,56,132,23,344,8,1537,126,17,84,22,9703,85,1141,66,80,279,9,11,17,3,29,58,6,1,4,36,0,434,68,45,5,18,320,9,197,15,1311,245,75,142,21,28,133,162,114,261,2,604,167,70,276,119,71,77,36,2078,41,36,602,69,203,35,53,486,72,29,10,16,230,772,44,12057,0,55,234,226,9,1550,123,26,24,4,10405,96
sample_193,4,327,180,1840,25,2,1216,464,191,21129,6,193,55,200,24,68,142,200,34,538,62,2089,255,18,243,18,15261,147,1426,135,216,491,2,6,95,9,98,97,7,20,3,45,18,631,61,58,17,23,464,30,138,17,2473,346,127,125,125,18,252,278,263,462,2,1141,215,114,635,217,163,187,57,3761,34,105,760,85,467,42,111,794,107,68,18,37,363,1269,31,22824,1,60,325,329,20,2636,191,48,61,1,19267,274
sample_194,12,68,79,676,14,0,253,220,76,6839,1,68,30,71,0,27,40,116,4,180,27,736,60,0,61,22,6156,45,595,25,59,115,5,11,14,1,27,33,4,16,0,5,2,228,21,2,3,2,125,15,42,8,711,95,41,39,21,2,80,73,67,111,0,273,42,50,196,41,50,3,7,1487,3,17,255,28,72,16,17,227,40,3,9,5,113,337,10,7391,0,15,107,148,3,1046,29,52,12,2,4741,72
sample_195,4,94,150,880,14,2,477,273,68,10612,3,83,39,91,1,41,101,110,6,165,34,760,82,10,122,10,7622,69,792,48,95,232,20,1,26,10,38,24,1,7,0,17,25,321,32,21,23,8,257,16,107,5,1149,234,45,67,43,2,63,129,74,200,5,533,57,55,389,59,39,61,5,2174,29,61,383,75,128,21,18,443,99,15,10,12,180,604,29,10089,0,51,181,149,2,1411,85,23,45,1,7256,130
sample_196,5,154,237,1498,27,0,906,465,228,11123,14,138,42,169,17,83,129,298,29,386,40,2709,171,11,103,16,20315,125,1808,100,132,402,1,10,43,23,88,70,3,6,4,115,9,776,100,26,25,30,481,32,194,27,3119,405,80,166,53,10,135,304,205,452,0,729,204,163,529,141,73,63,29,4389,14,83,896,110,325,37,64,856,79,38,31,29,215,1110,41,21443,1,77,493,407,8,2336,90,47,48,1,15829,145
sample_197,21,213,88,860,25,1,570,170,91,7070,5,69,53,110,8,29,37,140,23,209,28,881,101,7,67,8,7999,83,963,56,84,327,26,18,29,4,26,69,7,2,3,34,8,288,74,10,6,36,255,16,94,4,926,222,51,85,23,8,87,207,84,233,2,521,53,54,380,88,78,58,18,2285,26,73,582,84,218,19,45,414,78,13,25,22,172,540,22,10182,2,30,222,151,4,1483,81,52,25,1,8586,136
sample_198,2,79,113,936,31,0,731,336,133,9649,10,94,53,127,2,63,47,163,9,240,22,1163,142,6,115,33,7626,92,930,85,126,271,7,12,11,2,30,69,10,2,4,39,7,342,33,17,8,18,273,24,68,13,1260,243,60,86,27,3,74,104,67,158,0,286,120,69,276,51,53,49,5,1651,13,55,473,45,226,25,66,467,45,38,11,20,164,545,16,10874,1,26,255,186,2,1391,93,44,25,2,8243,139
sample_199,4,138,148,845,22,0,503,294,109,6877,6,112,33,134,11,60,51,186,31,243,13,1665,97,6,102,34,11096,119,946,84,127,312,8,6,23,15,45,42,0,6,3,22,20,407,28,7,8,18,309,9,74,5,1558,257,31,105,32,10,74,103,151,192,0,519,136,111,494,67,77,52,21,2201,11,47,475,55,121,34,109,444,47,40,15,26,250,657,49,12309,0,50,213,218,14,1581,106,34,25,11,6722,127
sample_200,10,174,152,2254,59,0,866,357,182,19067,17,185,34,119,12,52,95,157,47,310,45,1064,126,2,131,22,11617,122,1146,48,232,392,3,12,39,9,41,63,7,20,2,48,6,403,62,17,17,44,299,15,138,24,2134,246,107,151,50,2,94,200,153,266,9,616,152,66,467,99,70,58,25,2755,46,89,740,81,410,33,71,659,33,44,19,29,314,964,40,12996,0,49,318,333,20,1921,132,41,52,0,9125,85
sample_201,7,148,139,983,34,0,558,298,81,10086,8,85,38,196,13,52,87,115,28,301,16,1051,114,9,86,16,10142,109,965,51,149,254,0,9,23,4,62,57,2,3,4,28,15,472,52,17,13,17,237,9,83,3,1676,293,53,108,41,5,72,147,102,290,1,680,101,70,423,138,88,52,41,2534,19,34,497,70,205,40,50,414,38,46,15,26,189,753,26,12413,0,49,216,236,12,1641,79,44,46,1,8999,127
sample_202,21,154,172,2185,91,2,752,515,207,20844,9,87,70,205,20,72,148,159,33,350,45,1964,167,5,104,26,10433,113,1216,62,114,282,1,24,34,4,37,99,5,21,2,22,11,720,42,23,14,13,379,32,199,11,1513,365,47,125,51,11,65,177,121,258,1,775,164,167,481,73,96,104,29,2604,28,83,703,106,218,52,59,732,61,38,8,10,253,1172,66,18130,0,82,360,248,11,2438,122,29,66,3,12737,109
sample_203,5,175,83,644,17,0,437,246,63,6969,7,69,15,114,7,36,58,105,33,211,37,1133,112,15,94,21,8766,94,906,74,97,179,0,16,25,9,46,48,5,12,2,20,19,367,63,10,3,6,255,24,106,8,1563,247,45,68,33,9,99,137,100,211,0,633,80,40,309,92,43,44,21,2417,46,52,561,31,171,9,91,569,108,24,13,14,238,630,36,11478,2,40,239,250,12,1278,67,57,24,0,9047,109
sample_204,16,240,179,1215,40,2,990,580,221,20297,7,148,94,199,22,66,141,312,62,493,55,2630,190,18,282,20,16430,150,1902,90,165,496,10,21,29,18,90,133,3,12,0,55,15,725,103,30,15,17,339,61,92,18,2733,419,112,152,53,9,168,312,244,285,1,821,137,182,385,120,113,100,42,2763,36,88,699,98,293,43,116,685,125,49,30,27,294,1042,34,11528,1,102,406,417,7,2529,114,42,75,0,10941,274
sample_205,2,274,172,1961,59,3,528,396,168,16634,0,112,87,144,10,66,67,213,61,466,27,2139,141,13,135,38,18856,172,1083,106,152,564,10,26,39,16,49,50,11,18,7,36,2,550,65,18,10,17,506,34,145,6,2061,500,72,115,91,8,178,238,204,380,1,994,218,118,652,119,118,108,42,2594,42,53,971,100,316,29,123,890,129,41,49,21,384,1130,47,18059,0,65,481,284,15,2721,134,59,37,0,14713,199
sample_206,6,194,121,2005,32,0,682,354,149,18331,22,110,41,190,13,63,72,168,15,293,30,1592,137,7,92,20,10604,169,1126,67,110,219,15,12,32,4,40,95,7,17,4,19,33,450,72,14,9,19,235,42,144,11,1564,238,84,81,53,15,111,193,136,297,1,666,135,88,409,58,83,71,33,2841,39,40,678,65,246,38,57,690,93,17,19,16,372,886,58,11677,1,54,213,205,6,2048,123,35,49,1,12236,166
sample_207,11,187,168,1265,29,0,700,399,157,10394,9,142,35,159,6,46,87,221,41,317,22,1467,109,15,196,33,12648,112,1506,44,106,265,4,18,20,8,56,55,1,10,0,56,23,575,47,18,15,25,301,37,107,10,1493,380,109,116,30,28,122,268,110,327,3,984,132,121,473,124,115,87,15,2545,20,66,434,62,178,44,78,814,57,27,15,21,321,914,55,17671,0,61,295,224,1,1683,91,41,52,0,11494,166
sample_208,11,191,130,1213,26,0,433,253,122,10998,2,117,53,95,10,72,101,105,40,385,32,1667,124,19,111,48,12776,125,1012,47,91,442,9,14,34,20,69,73,14,3,8,12,14,432,42,7,11,18,325,11,96,5,1079,322,41,46,44,10,73,164,139,254,3,681,105,63,681,94,73,31,14,2471,15,50,490,37,237,28,48,446,38,21,15,22,214,819,19,16167,0,40,323,341,6,1485,120,26,32,1,10468,119
sample_209,8,178,82,876,14,12,527,323,70,7999,5,119,35,102,8,68,41,200,19,230,14,1161,92,2,66,18,8735,111,1006,55,60,251,1,9,17,5,21,57,3,1,7,22,6,365,38,15,6,10,225,25,62,2,1687,189,78,76,34,7,76,196,139,219,1,695,109,61,464,92,79,38,18,2558,22,65,446,68,167,28,38,356,57,41,12,2,164,648,17,11966,16,55,209,159,2,1149,87,23,46,0,8340,131
sample_210,14,341,234,2527,46,9,689,650,134,20113,7,246,131,309,10,69,151,299,39,711,43,2879,282,16,159,38,22527,269,2180,77,173,838,11,7,77,17,79,57,2,33,11,55,22,1064,96,15,7,52,540,35,155,10,3103,597,121,240,97,12,193,331,349,436,3,1649,228,144,826,162,141,74,23,3826,48,87,1267,117,411,29,181,1197,121,36,26,42,420,1172,69,25709,0,83,455,472,8,3081,124,86,59,6,19008,306
sample_211,12,124,133,754,53,0,742,259,141,12574,12,64,23,121,21,32,70,147,17,219,24,1168,100,4,101,8,12917,76,693,44,57,180,1,6,46,28,32,52,4,10,6,20,6,377,61,18,11,4,275,24,108,1,1051,198,62,100,57,4,77,136,71,179,0,649,150,54,278,81,83,42,11,2720,17,46,498,78,213,12,72,521,38,31,5,18,286,745,26,10867,0,59,289,207,2,1763,99,42,53,2,7847,105
sample_212,3,176,183,620,31,1,434,213,81,8154,6,141,74,143,15,48,97,202,27,376,26,1472,191,10,56,22,12029,148,1238,89,92,314,4,31,27,5,55,56,2,11,0,29,3,363,64,16,19,36,191,6,109,18,1185,276,133,122,47,2,131,187,113,373,1,971,186,129,405,108,100,83,24,3184,61,40,782,98,322,14,53,450,59,25,18,13,221,763,32,13573,0,53,270,185,7,2280,146,40,31,2,11534,145
sample_213,8,211,176,1761,42,1,717,505,150,19358,23,139,79,231,9,46,74,179,36,482,38,1765,184,7,134,11,15688,148,1382,97,157,418,8,7,14,3,53,98,3,9,1,37,9,485,59,22,8,16,333,20,121,6,1700,297,117,88,34,4,128,241,210,376,5,818,126,95,432,95,103,62,37,2930,18,66,1014,113,273,36,66,908,64,45,23,12,286,867,39,16003,0,62,331,205,9,2153,89,38,48,0,11270,198
sample_214,18,244,176,1404,31,0,914,362,155,13440,6,237,59,159,10,126,89,140,46,320,45,1891,147,12,168,32,15396,116,1908,76,73,381,4,13,16,9,74,73,14,28,3,37,15,786,45,30,6,13,287,17,118,7,2124,283,123,130,53,13,109,208,182,398,1,1017,193,67,614,84,69,90,46,3253,27,75,794,81,273,35,45,745,88,40,25,32,292,1019,57,17301,0,89,297,238,11,1775,96,56,100,3,12929,251
sample_215,13,252,162,2237,54,3,709,512,188,23170,6,145,63,138,7,62,79,174,42,403,32,1536,185,8,80,23,16707,136,900,90,165,480,4,23,35,13,126,72,3,2,1,22,9,733,105,14,23,7,505,16,168,5,2502,424,122,151,42,12,119,238,174,355,3,919,180,111,704,117,109,124,31,4001,12,50,923,90,370,44,119,691,101,25,6,33,257,1022,31,10959,1,85,364,416,4,2960,127,58,106,5,14683,149
sample_216,2,148,147,1034,25,0,560,302,131,9034,1,87,21,190,7,28,55,126,50,225,12,1304,93,8,63,20,11097,111,809,46,110,263,3,3,19,9,33,46,0,10,2,38,7,425,38,25,9,16,236,3,113,8,1830,252,87,64,43,10,103,212,147,332,2,668,114,61,472,112,72,27,30,2625,13,50,615,103,231,22,45,570,84,17,21,24,247,757,43,15951,2,56,291,240,4,1577,66,59,46,1,7937,88
sample_217,12,119,113,990,36,1,584,276,134,13125,5,55,25,45,2,42,78,133,18,198,18,921,103,6,86,9,9917,101,856,52,111,269,8,2,26,9,60,52,7,3,2,29,4,353,48,18,2,9,337,20,69,24,1354,152,82,46,24,14,88,139,93,204,0,594,130,50,306,53,60,56,19,2013,12,35,494,83,184,11,42,532,67,48,5,12,154,535,24,10831,0,66,168,196,0,1319,66,44,37,0,8176,85
sample_218,4,137,102,940,40,0,325,260,96,10695,4,98,36,83,18,49,74,149,18,340,8,1339,65,6,100,12,9400,73,727,48,81,358,5,26,7,4,39,32,3,3,0,18,10,504,19,9,5,12,206,6,82,8,1282,209,60,93,41,3,69,208,93,233,5,437,77,39,291,55,57,48,26,2133,14,39,447,58,158,18,27,376,56,28,15,15,174,580,42,10578,2,42,180,197,3,1291,60,27,39,0,7757,124
sample_219,5,194,105,951,25,1,493,241,97,6490,4,81,65,107,13,54,41,146,38,342,38,1213,105,11,64,6,9923,151,841,92,112,189,1,12,24,3,22,82,5,2,0,27,6,408,70,26,20,7,351,19,76,4,1521,256,82,96,67,8,52,245,117,180,2,561,99,49,411,65,51,51,24,2345,32,81,571,89,165,49,48,460,25,43,6,29,187,736,40,12431,1,51,221,330,6,1359,79,41,33,2,10642,133
sample_220,3,217,166,1272,33,0,751,365,162,17352,8,191,62,123,3,48,76,131,27,439,22,1488,242,20,151,12,11722,167,1133,56,97,390,5,9,47,9,61,61,8,10,7,63,18,536,60,13,8,22,267,23,160,5,2309,353,102,115,32,5,89,237,166,380,4,624,217,57,582,59,114,60,15,3560,39,65,579,86,341,16,106,531,81,36,9,39,262,1036,27,17327,6,59,260,268,3,2594,94,42,62,2,8344,166
sample_221,1,206,165,1700,47,2,693,309,120,22304,12,103,42,205,5,95,82,141,49,271,18,1532,124,12,182,26,13293,199,1379,56,86,309,12,8,36,5,49,69,9,10,0,29,4,668,74,14,9,13,339,23,125,12,1876,361,69,86,61,4,102,254,203,281,0,966,158,95,402,133,84,52,28,2711,38,53,750,154,290,24,53,640,45,72,20,26,340,825,49,13569,0,91,363,263,1,2685,144,43,47,4,9975,127
sample_222,9,291,193,1620,32,0,972,278,174,16404,7,181,56,179,12,99,118,337,36,554,28,2729,236,31,159,34,12376,137,1381,88,216,454,10,7,37,23,111,85,6,8,3,67,11,566,116,13,25,17,468,15,125,18,2656,333,113,100,32,8,116,274,182,304,0,995,164,85,585,120,135,109,47,3644,45,83,981,137,319,42,98,1022,89,41,69,27,293,1356,41,20114,0,91,416,313,6,2647,148,44,66,0,15456,176
sample_223,20,173,158,1178,28,3,846,308,152,8068,6,128,61,121,6,55,67,166,28,519,18,1363,104,13,107,24,12314,123,982,57,116,396,9,18,38,13,82,68,2,6,2,35,1,481,46,16,24,57,323,29,146,7,1374,309,80,122,25,0,91,296,166,319,1,811,120,110,458,99,71,66,34,1887,48,39,650,100,204,51,94,651,97,19,23,16,221,802,34,16230,0,49,413,241,0,1386,97,69,48,1,13447,146
sample_224,4,181,108,975,19,0,512,274,93,9476,5,72,41,104,13,23,54,164,21,367,46,1481,84,8,165,23,10761,152,1204,49,106,247,3,16,24,4,42,60,2,7,4,46,6,367,69,20,6,17,340,48,103,4,1575,261,82,78,50,13,115,177,121,245,3,561,95,84,526,82,112,43,13,2619,28,49,640,38,252,31,50,460,33,43,9,10,251,601,21,11734,0,52,211,216,0,1995,41,36,45,0,9992,112
sample_225,11,216,262,1647,56,0,1164,619,225,26484,22,218,49,300,27,79,81,167,50,509,84,1764,245,12,124,24,15966,174,1797,87,165,550,4,10,38,11,51,141,6,10,0,55,27,945,75,21,24,35,532,47,193,10,2302,480,123,97,53,11,145,332,251,501,3,944,231,163,627,125,135,85,56,4295,42,106,1104,116,298,46,86,944,94,35,15,26,349,1104,65,21353,0,96,420,365,8,2885,123,58,69,11,13469,190
sample_226,13,154,148,1279,31,0,705,433,151,11673,9,114,56,148,1,45,106,147,36,258,15,1152,72,9,221,16,10245,98,905,54,144,243,3,8,28,12,39,71,12,5,15,28,6,390,49,30,16,18,270,8,57,14,1684,263,56,48,19,1,71,196,110,262,4,538,91,92,474,59,73,60,16,2303,26,69,414,55,204,15,89,571,88,36,20,15,180,732,16,13032,0,41,294,210,1,1746,78,57,29,1,9804,81
sample_227,1,120,106,558,18,0,336,187,86,5646,1,58,16,97,7,22,35,89,11,200,10,969,63,12,105,4,8724,48,580,29,55,257,6,6,24,2,38,32,8,2,1,16,10,332,24,6,7,14,173,5,106,0,1185,108,42,66,22,1,66,151,55,202,1,373,119,29,284,95,46,36,6,2238,41,25,443,39,161,14,39,417,47,31,0,11,176,475,14,8275,0,40,186,162,5,1755,99,26,45,6,6897,87
sample_228,4,262,296,1809,17,2,618,403,173,17100,16,157,56,285,6,119,128,281,84,625,31,2316,192,3,204,47,20790,174,2086,148,138,714,13,24,30,12,79,175,13,22,11,58,32,724,111,34,22,25,376,38,275,11,3089,515,135,186,54,15,131,374,148,534,1,1169,279,132,694,189,89,120,18,3804,51,88,1327,139,451,50,122,715,126,50,22,23,339,1124,91,30296,0,78,287,392,15,3649,186,80,93,2,12929,244
sample_229,12,122,151,1228,39,0,777,249,242,9669,4,147,44,163,4,31,101,210,23,303,48,1447,234,11,104,15,15320,169,1155,105,166,351,2,17,60,0,67,63,4,0,2,37,13,482,145,11,24,9,317,36,100,11,1749,282,52,98,31,7,134,252,244,463,8,777,110,70,392,93,76,120,52,3440,35,61,758,112,342,27,84,616,45,53,15,15,322,1154,44,14033,5,60,321,369,2,1808,130,96,82,2,11111,180
sample_230,2,186,156,1224,32,1,667,372,103,8521,4,112,75,113,14,57,60,189,52,282,32,1536,108,11,115,19,12711,86,1213,42,177,290,1,14,44,15,45,67,5,7,3,34,3,473,64,15,28,17,300,37,150,15,1483,248,79,104,44,7,96,188,87,283,1,595,108,90,589,99,57,67,16,3420,25,71,747,108,184,30,82,541,42,25,27,31,255,853,24,16933,0,63,460,254,5,1374,123,32,65,0,7448,121
sample_231,11,214,168,1409,14,0,647,319,147,9827,8,160,64,142,3,60,50,206,39,469,22,1234,185,9,135,14,12901,163,1391,96,127,336,7,16,49,12,77,68,8,13,1,46,41,382,71,9,22,20,410,21,216,6,1732,452,114,111,50,5,141,188,138,265,6,750,122,88,567,116,92,90,19,3222,25,115,768,83,367,31,83,625,68,25,37,16,328,837,46,18048,1,68,249,233,4,1993,92,101,54,4,13090,183
sample_232,5,228,111,1394,48,0,840,348,179,13531,12,136,74,132,24,53,101,201,30,487,56,2118,172,24,147,37,13620,162,1305,68,151,447,8,14,31,13,44,100,9,17,2,48,10,502,49,30,5,21,331,33,123,5,1867,334,71,143,41,13,115,303,212,223,4,1104,187,122,503,80,144,146,25,3282,36,62,969,129,236,64,114,616,78,50,25,54,330,580,27,15079,0,54,364,332,27,3055,114,35,41,1,17647,172
sample_233,11,161,154,768,33,1,587,251,77,8077,22,96,36,151,13,64,87,221,38,236,29,1473,91,19,150,29,11211,135,1093,78,111,266,2,15,19,31,52,30,8,0,2,39,19,505,102,27,9,20,351,26,90,3,1669,343,84,81,27,3,163,152,95,336,1,600,160,106,561,147,69,45,21,2849,47,66,601,95,230,18,54,373,60,24,32,11,181,815,57,11158,0,31,345,202,6,1731,127,58,52,0,9168,149
sample_234,8,135,143,1103,32,1,571,228,143,8097,13,72,49,118,3,84,61,182,11,368,7,1449,98,8,91,14,11628,136,630,39,115,351,0,13,22,13,45,42,4,9,0,41,11,430,27,10,15,20,266,18,79,3,1633,301,91,79,46,6,110,179,103,232,2,629,119,91,425,78,94,40,17,2729,31,35,539,78,228,32,62,561,75,34,7,8,207,532,31,11106,0,41,261,239,13,1574,73,40,30,0,8478,146
sample_235,18,180,114,1208,20,1,777,275,121,13941,10,92,53,122,1,42,55,154,39,281,50,1049,161,4,145,23,10667,108,1209,70,108,238,1,7,9,10,65,65,9,10,3,23,8,469,25,19,7,9,226,11,157,9,1544,211,68,122,37,2,121,125,152,217,2,741,94,52,476,99,100,67,19,2576,25,52,593,62,175,41,58,533,77,51,16,13,227,599,40,12630,0,37,315,159,3,1434,93,39,55,1,8896,88
sample_236,13,352,191,2683,39,3,855,600,212,25020,22,177,74,175,6,117,118,380,49,652,41,2720,211,11,245,21,22812,183,1889,69,109,655,15,31,29,11,60,137,15,5,9,63,7,819,67,15,26,21,574,27,266,16,3103,451,98,224,90,9,188,415,327,547,5,1204,209,114,531,160,150,157,52,4144,65,91,1038,114,254,41,103,776,93,66,22,30,416,1412,110,25173,4,119,521,362,14,2999,125,60,72,0,14689,206
sample_237,12,202,140,938,14,0,389,225,92,7882,3,75,52,121,25,58,101,174,59,344,20,1339,119,3,113,23,7930,126,1120,76,132,211,6,10,32,18,57,80,9,17,1,24,10,656,35,15,6,17,340,14,142,10,1754,300,48,159,53,12,89,287,119,149,9,869,135,115,564,78,95,82,12,2562,26,82,712,84,168,41,79,380,90,20,22,23,229,665,71,13166,0,63,239,207,3,1943,100,38,44,0,12112,120
sample_238,0,155,86,1128,17,1,474,248,129,7378,3,70,31,65,9,57,33,124,29,302,21,1570,102,29,88,21,10012,90,866,38,122,312,16,12,36,4,42,65,11,7,4,29,6,456,25,10,8,13,255,12,86,12,1747,274,54,93,44,3,117,204,103,191,4,552,113,51,409,73,84,77,7,2733,18,35,655,83,189,34,65,448,71,29,7,3,168,550,20,8742,1,45,185,158,8,1634,68,30,44,2,10331,102
sample_239,3,318,199,1447,31,1,736,456,160,15670,9,163,47,253,18,39,126,326,26,599,54,1696,208,11,179,36,17904,166,1718,122,319,420,18,9,57,13,88,113,14,10,0,47,16,784,102,34,17,17,459,19,226,3,2172,441,113,146,67,11,200,269,258,445,5,1077,202,123,710,229,128,77,52,4828,46,47,1041,93,413,44,167,720,79,40,42,21,372,1269,44,19700,5,137,476,396,15,2793,132,76,54,2,13647,268
sample_240,18,211,176,1666,33,1,768,343,183,11669,1,116,59,137,7,92,130,205,42,362,18,1306,161,15,149,17,10066,158,1573,139,166,375,4,11,75,13,68,67,7,21,5,25,10,546,74,10,7,16,306,17,129,7,2058,322,108,116,50,11,138,224,126,319,10,815,113,119,438,104,115,92,23,3341,34,126,797,73,325,7,110,543,63,31,18,29,393,1106,36,14502,2,97,339,387,12,2183,112,51,41,0,13013,193
sample_241,16,177,166,1760,51,0,627,510,130,14017,8,136,72,132,3,96,128,163,36,365,26,1541,148,8,186,21,9010,117,1089,107,149,407,6,2,51,6,39,38,6,10,2,37,15,473,54,35,13,11,259,23,108,6,1897,357,114,94,36,14,97,194,144,331,10,735,111,96,426,83,83,69,27,2549,20,84,752,74,217,17,61,586,40,50,26,16,269,750,52,11526,1,73,219,310,13,1772,98,33,26,6,11970,151
sample_242,6,124,88,1240,12,0,388,232,89,7806,1,88,43,113,1,32,35,83,27,235,9,985,129,4,84,27,7665,66,669,23,76,135,0,6,12,3,25,48,8,5,6,20,4,274,27,8,4,5,206,11,70,2,1220,134,71,80,33,10,50,109,88,221,1,325,79,79,364,45,47,44,25,1298,20,27,404,40,145,27,36,357,17,19,6,15,158,644,13,8480,0,26,181,188,3,1313,39,36,12,0,7303,90
sample_243,1,290,188,1626,29,0,871,460,215,12740,18,222,81,263,14,83,66,347,37,732,55,2222,179,18,200,24,17360,207,1809,85,140,679,15,11,50,15,91,110,17,7,6,32,13,756,103,16,14,13,364,44,187,10,2288,441,152,207,62,19,253,270,223,446,3,1113,172,93,605,114,145,107,46,3701,41,94,858,83,380,39,135,804,65,51,21,23,308,892,33,18455,5,107,476,479,6,3165,140,84,52,5,17357,242
sample_244,12,230,143,1496,46,0,800,212,159,14327,6,93,74,110,8,42,61,180,42,370,70,1415,123,7,130,22,13813,149,1163,86,142,328,7,11,44,13,57,89,6,18,8,15,15,601,77,29,12,22,284,21,77,11,2373,290,90,147,26,17,117,244,185,317,6,884,172,84,318,86,115,52,31,3043,47,68,773,111,208,25,112,776,78,40,25,27,289,814,16,16568,0,125,380,252,7,2490,147,58,39,1,12367,171
sample_245,19,187,203,1573,40,0,745,375,129,8578,24,155,42,166,14,62,91,204,37,378,36,1573,242,8,115,12,7970,206,1576,61,156,470,5,9,19,7,75,57,2,7,0,11,16,509,53,28,16,41,293,24,189,10,1996,262,115,96,25,4,77,259,135,228,4,771,129,90,697,96,122,67,41,3779,31,61,616,100,354,49,88,616,86,46,24,11,255,647,42,17295,3,49,381,258,5,1729,82,53,61,7,12463,214
sample_246,18,188,279,1155,30,0,502,430,113,11324,11,115,43,172,12,77,143,237,36,495,41,2401,195,13,224,28,18055,207,1092,112,234,420,9,7,40,10,53,131,10,16,1,39,29,852,100,25,8,34,324,22,190,5,2061,385,90,125,53,42,124,328,191,406,2,990,112,68,735,153,116,108,15,3332,30,71,901,95,338,40,103,713,65,17,23,18,359,1012,61,21568,1,67,436,457,8,2028,131,82,35,3,13869,178
sample_247,15,204,174,1262,25,5,708,292,129,10639,23,123,53,175,2,85,53,175,45,442,36,1380,180,9,116,15,14794,131,1206,105,96,282,9,8,30,0,47,72,4,11,5,60,10,531,51,25,12,11,307,33,133,5,1778,361,139,170,42,12,106,193,160,201,5,803,210,75,490,99,90,82,46,3155,18,79,725,75,337,29,72,697,54,66,16,33,263,653,35,18512,0,48,395,220,15,2176,148,59,48,5,11947,128
sample_248,8,268,259,1005,34,4,858,367,183,16359,15,158,45,263,6,78,78,281,24,629,29,2546,174,10,175,53,13924,181,1348,72,209,469,4,13,43,24,73,102,1,11,8,38,15,897,107,13,27,26,600,17,246,21,3092,469,119,192,61,16,255,308,250,493,3,1142,235,103,662,153,181,104,22,4044,36,68,1144,71,324,36,111,960,124,70,16,14,411,1062,59,22241,2,75,359,470,3,3341,167,67,87,0,19767,206
sample_249,1,106,183,1097,17,1,786,274,107,10100,8,107,44,87,7,76,46,166,30,210,24,763,180,7,71,19,11936,58,1176,45,93,317,9,5,21,3,45,57,8,3,3,20,11,447,33,6,16,14,199,12,100,17,1496,174,52,111,28,7,76,186,185,266,0,450,118,113,510,54,69,28,27,2683,11,41,726,78,189,2,40,395,39,24,19,18,165,660,41,12227,6,71,269,269,6,1642,79,31,24,2,11638,147
sample_250,3,82,90,498,26,1,278,210,63,5956,9,56,31,42,2,29,33,99,7,240,11,1076,70,7,53,40,7348,59,415,31,49,217,1,8,3,7,28,31,6,11,0,18,6,295,30,12,3,7,204,7,75,2,743,163,42,73,19,4,66,138,81,161,0,452,54,65,186,34,37,23,8,1728,5,43,239,43,116,9,36,325,22,28,13,29,145,399,25,6837,0,29,165,124,5,881,67,27,28,0,4794,80
sample_251,18,132,123,940,24,0,593,280,127,8654,6,85,36,156,6,39,41,151,5,254,21,984,102,5,107,15,6924,102,870,53,97,183,3,8,8,8,38,71,2,1,6,47,7,585,22,10,8,20,249,16,76,14,1706,239,92,57,20,2,103,212,138,223,0,807,91,56,359,86,67,50,18,2232,34,29,477,62,178,14,37,491,42,24,20,8,179,617,33,9901,0,25,176,183,3,1520,41,31,24,0,9212,84
sample_252,10,185,128,1812,26,2,515,416,84,14304,11,119,57,111,1,45,114,198,33,358,21,1292,96,12,89,28,10677,105,854,48,168,217,1,5,24,4,72,70,5,19,2,32,22,600,36,15,0,30,203,28,137,14,1735,215,53,92,23,1,103,228,81,298,0,789,106,65,381,69,71,39,37,2957,11,51,665,69,250,36,75,549,75,39,12,13,249,816,25,11187,1,36,434,191,7,2305,65,93,55,4,11586,130
sample_253,9,124,168,1366,17,0,562,329,133,14677,12,95,53,150,14,57,73,191,8,308,43,1249,149,3,60,42,10402,116,937,70,139,328,5,23,19,3,55,79,6,4,4,27,13,354,34,17,7,24,279,48,122,4,1522,167,82,108,29,9,71,238,88,360,1,551,104,80,374,68,108,51,25,2870,18,45,536,94,238,41,47,691,64,25,22,24,260,656,53,13680,0,35,230,280,8,1395,84,58,56,0,9947,135
sample_254,14,81,136,1133,33,1,576,242,92,8347,9,69,54,95,2,17,36,123,27,264,10,732,65,7,67,4,5593,86,678,39,134,214,9,22,38,4,26,38,12,1,5,27,13,410,45,8,7,9,166,16,74,13,1255,215,37,95,35,6,48,119,91,183,1,420,115,71,273,76,77,36,26,1818,18,51,398,37,115,34,54,362,60,26,4,13,136,575,11,6089,0,46,236,157,7,1573,37,37,17,1,7315,84
sample_255,8,137,112,894,7,1,500,266,82,8874,0,49,36,86,0,30,63,158,46,237,13,1539,119,12,120,10,7812,77,793,37,92,290,2,4,25,10,39,36,1,12,0,44,5,326,41,34,16,11,212,8,59,0,1482,183,32,71,39,7,89,158,165,206,2,617,101,64,372,62,65,35,38,2557,22,43,631,53,168,26,59,427,41,39,9,12,164,633,27,9174,1,40,170,148,7,1340,63,28,46,0,6794,69
sample_256,6,251,225,1371,38,0,856,356,188,14365,10,185,48,113,17,62,110,222,45,546,30,2130,232,13,165,18,19706,280,2115,102,127,568,7,24,45,11,73,102,6,15,8,42,10,761,76,32,20,13,492,26,206,10,2963,453,74,180,83,14,194,366,182,354,6,1007,174,81,635,113,143,98,51,3839,17,100,858,107,205,39,76,835,78,34,8,26,416,1076,78,21765,1,100,279,345,2,2408,149,76,92,1,17495,211
sample_257,12,195,150,1598,30,4,689,499,217,15641,12,125,61,140,8,59,83,233,27,446,40,1866,147,18,171,22,11985,168,1138,65,212,415,2,21,52,13,69,97,3,7,11,41,17,633,67,12,18,9,401,17,125,15,1842,248,81,190,71,14,171,174,214,313,1,1018,162,139,353,151,61,73,32,3048,21,92,879,103,282,10,66,760,72,40,14,13,239,747,46,12998,1,64,320,268,4,2696,103,49,96,1,11716,202
sample_258,13,69,67,894,10,0,345,211,74,11015,9,76,18,57,3,28,45,89,5,168,17,573,58,6,44,9,6122,52,391,32,56,104,0,3,14,3,9,17,2,7,0,22,2,245,15,8,10,2,186,8,46,12,864,108,48,67,11,4,58,62,38,117,1,200,71,40,164,32,34,25,11,1151,12,6,236,61,99,43,16,271,65,20,8,6,145,401,8,6297,0,16,158,123,2,762,51,21,9,1,5008,57
sample_259,8,160,133,2053,27,0,330,250,169,13684,2,109,69,122,8,65,56,172,42,323,15,1192,119,7,124,17,11838,115,1097,100,142,390,0,14,82,6,55,80,5,7,1,20,3,428,61,18,9,18,323,21,85,20,2267,346,76,168,52,8,147,171,116,285,7,766,132,48,445,63,96,48,17,2717,24,49,521,84,292,35,97,516,82,17,10,22,157,1024,29,11057,0,49,294,347,3,1547,123,31,45,3,11832,80
sample_260,1,129,70,791,32,6,713,241,109,10520,12,72,34,105,11,23,49,162,13,277,23,1097,77,16,54,10,7099,77,848,51,88,318,0,4,26,14,51,28,4,16,3,21,8,333,32,5,7,16,219,7,63,8,1163,242,38,61,46,6,38,164,129,233,3,495,116,54,239,47,82,58,6,2669,13,28,477,31,96,52,40,436,84,32,10,29,134,667,18,9631,0,38,215,181,1,1376,73,12,26,6,6205,109
sample_261,14,140,167,1644,30,0,723,328,161,13042,3,167,50,121,12,43,85,167,22,303,34,1689,104,11,88,14,11126,95,926,55,112,309,6,12,56,10,50,67,4,5,2,47,12,446,82,22,15,10,307,33,122,15,1820,197,43,81,44,6,65,222,84,328,0,804,146,70,453,79,101,59,20,2468,23,50,708,98,257,32,62,515,71,45,11,25,223,581,44,12557,0,58,224,264,2,1857,100,39,54,6,10288,150
sample_262,7,187,71,1580,17,1,527,275,183,13756,9,159,36,138,6,41,85,199,19,440,64,1561,175,8,160,16,9690,157,1111,63,115,446,1,14,23,13,64,54,2,12,0,62,2,587,60,7,29,3,331,27,141,1,1998,320,71,106,32,2,104,309,168,363,1,870,137,94,547,123,95,59,33,2914,18,48,759,62,230,53,54,611,74,57,26,5,278,1042,24,17813,0,70,344,328,5,2112,138,55,43,1,10486,122
sample_263,5,79,97,786,26,1,499,240,116,7441,1,48,19,72,7,31,54,128,11,206,27,719,101,8,62,8,7619,53,554,44,97,243,2,5,27,22,52,25,5,2,5,22,12,315,64,7,5,18,220,11,85,3,1076,168,23,80,22,5,80,142,76,274,2,465,89,84,304,65,34,39,17,1960,17,34,395,78,96,13,49,356,75,9,15,28,157,341,27,10033,0,35,204,179,11,1183,59,30,40,1,8395,89
sample_264,10,286,325,1959,43,10,460,388,207,18173,26,221,67,163,11,112,127,258,25,555,39,2619,211,14,212,40,20146,213,1941,102,223,600,10,52,34,57,71,103,20,41,1,66,21,911,113,23,36,43,522,37,203,16,2773,489,145,204,121,9,212,258,151,453,1,1772,219,146,781,195,163,84,55,4146,33,83,1121,79,460,34,118,974,124,58,25,50,417,1351,77,23702,1,120,374,479,12,3238,117,125,77,2,19523,205
sample_265,9,169,170,2089,28,2,408,270,161,21018,3,113,55,182,5,57,63,156,13,342,31,1105,127,20,62,10,10728,74,935,33,133,399,3,6,21,8,55,69,18,15,2,38,21,437,56,32,2,18,407,21,130,10,1573,180,84,128,44,8,149,238,157,300,1,654,121,125,432,79,82,81,16,2543,27,59,750,85,192,41,67,652,52,49,27,23,194,936,37,11376,0,67,304,275,3,2165,127,40,57,7,12424,114
sample_266,6,138,142,1080,37,0,720,269,152,11182,7,196,70,126,11,36,68,154,42,333,23,1338,143,2,121,27,7790,115,998,31,80,314,1,21,36,6,39,55,11,10,4,25,13,442,53,5,5,2,268,18,135,2,1533,229,100,88,61,4,65,168,94,221,1,776,93,65,378,104,64,69,13,2742,28,60,572,69,180,20,64,500,49,24,15,41,170,622,11,11549,5,52,307,239,0,1717,87,46,35,0,11304,127
sample_267,4,116,128,798,20,1,595,259,77,9156,10,61,55,91,17,17,40,192,20,263,16,797,108,1,70,29,8035,67,832,41,87,218,0,3,15,16,54,61,0,4,2,13,6,344,43,10,1,15,245,4,90,4,1115,172,55,79,8,8,95,180,75,223,3,586,101,72,300,67,46,35,29,1843,33,89,576,55,178,13,68,435,42,33,5,19,198,516,15,9113,0,32,235,157,1,1024,70,53,22,0,7052,144
sample_268,5,110,91,854,19,5,376,263,78,8935,2,64,12,69,1,21,60,87,17,182,9,919,108,9,78,9,6910,76,396,39,46,168,1,16,18,9,19,20,1,19,1,19,7,284,37,0,9,4,141,21,62,8,810,151,33,50,21,5,39,96,80,179,4,465,77,69,167,76,67,32,14,1887,20,64,357,53,159,27,33,400,38,27,8,7,142,498,31,7828,0,64,193,238,2,845,52,15,21,1,4641,89
sample_269,15,145,170,1106,20,0,682,345,172,10234,8,83,56,122,9,58,89,227,41,463,57,1190,143,10,112,6,9045,90,1063,62,102,361,3,8,22,11,46,96,10,14,5,21,4,560,88,10,8,11,222,33,113,2,1483,303,80,120,47,6,148,216,196,230,0,1042,107,71,414,106,130,62,29,2134,33,85,724,105,228,5,64,561,68,20,16,11,188,739,32,12274,3,47,253,270,5,2387,77,44,67,2,8135,117
sample_270,2,136,104,672,9,0,466,137,63,6014,4,101,24,82,4,40,51,194,13,201,11,1133,137,3,96,6,9337,129,475,39,105,177,3,9,13,14,49,67,1,0,1,10,0,278,23,10,22,4,202,3,62,4,1124,172,35,53,27,2,84,160,164,202,4,339,84,112,341,47,68,36,15,2145,8,67,527,37,110,31,90,414,26,28,23,13,243,582,12,10770,0,24,179,224,2,1521,63,40,21,0,9346,118
sample_271,14,344,366,2700,41,2,771,343,208,25961,24,219,106,231,16,80,151,343,76,696,35,3684,358,36,305,32,24384,227,2328,161,242,716,9,22,62,16,124,91,10,11,10,54,10,1088,85,48,29,29,503,38,357,18,3450,580,165,158,101,47,132,545,298,751,9,1103,177,154,991,134,167,217,25,4579,88,120,1300,130,477,34,161,1388,108,79,31,32,549,1465,86,26450,2,132,591,565,6,4197,109,76,163,3,18130,355
sample_272,15,105,99,960,20,0,409,278,103,6668,1,58,22,82,6,21,23,137,21,185,17,865,114,13,99,6,5996,64,884,45,128,159,1,10,16,11,21,38,11,7,11,8,11,267,28,2,20,9,250,25,79,2,1002,194,54,27,16,1,46,133,76,98,0,496,124,48,260,47,75,68,26,1746,25,47,282,26,109,23,48,321,43,37,25,9,152,635,21,8692,0,27,149,119,0,1130,61,33,23,0,6614,108
sample_273,11,179,135,1123,41,0,647,220,101,8599,6,102,55,128,11,46,85,170,34,402,16,1789,115,11,84,17,10200,84,1032,59,89,293,4,6,32,7,38,78,4,3,6,22,6,466,41,35,7,10,277,17,84,21,1394,293,66,76,44,4,61,263,95,282,9,809,92,89,366,66,56,55,33,2677,21,46,690,87,226,47,50,653,48,29,4,17,366,716,35,10423,0,60,258,304,14,1869,107,38,33,0,10755,98
sample_274,16,140,200,912,36,0,409,257,111,15375,6,71,36,105,24,54,111,172,27,373,31,1531,167,8,148,14,12828,183,1054,78,127,409,2,13,48,8,32,102,8,8,27,25,14,569,51,15,10,20,308,25,118,9,1975,251,88,98,32,5,168,238,125,335,13,780,136,65,483,86,68,59,16,3382,28,54,904,83,294,26,86,749,102,39,17,37,248,1029,30,16320,1,65,304,228,4,2218,82,46,65,5,12041,191
sample_275,9,163,148,1267,20,3,865,358,147,10522,3,98,44,167,12,42,45,167,23,296,13,897,120,7,119,12,12562,97,1151,29,98,322,5,8,34,7,47,75,5,8,1,35,4,414,44,13,21,6,295,20,112,11,1363,256,61,91,26,5,85,209,120,209,2,751,80,97,418,115,87,62,10,2632,22,54,614,57,287,22,86,742,54,28,24,51,228,737,50,14067,0,48,243,243,3,1787,81,34,18,2,7508,141
sample_276,4,304,175,2221,22,0,797,436,265,21416,14,251,67,272,13,81,197,311,36,641,49,2360,268,19,213,21,23834,203,2062,139,326,590,4,9,43,29,75,99,13,7,14,42,17,622,113,24,42,23,496,43,222,20,2969,666,153,176,84,12,182,344,318,366,6,958,275,135,803,147,172,119,80,5266,46,87,658,180,348,47,80,1040,131,80,16,49,465,1283,98,20352,0,71,504,526,9,3471,169,61,85,5,14414,275
sample_277,5,84,68,760,13,0,292,130,84,7650,12,68,26,65,5,25,48,86,8,124,26,826,46,9,80,5,7376,44,573,23,85,174,2,4,22,0,22,57,0,3,3,8,0,328,28,17,7,31,127,5,51,1,979,173,32,36,16,4,26,94,99,133,0,435,86,45,239,62,33,53,27,1520,13,33,275,38,110,13,20,232,26,28,12,22,122,385,27,8786,0,27,195,100,3,1331,73,10,19,2,6802,60
sample_278,11,202,223,1215,50,1,713,450,232,15636,6,147,109,157,18,56,172,342,71,553,41,1953,240,12,123,26,12066,253,1637,126,133,462,15,24,51,13,50,121,24,19,4,55,14,601,66,14,21,40,343,37,125,10,2331,317,71,186,49,10,152,301,228,506,2,1125,213,132,564,134,92,104,64,4024,40,106,724,155,373,48,78,902,107,47,20,19,450,1342,46,18027,4,84,406,385,11,2036,139,81,71,2,17837,242
sample_279,16,160,193,1171,41,5,624,345,177,9003,7,127,49,162,3,57,75,144,47,288,25,1512,125,15,207,14,10963,113,1032,54,158,443,10,15,32,12,59,63,21,3,1,31,11,594,80,30,35,24,197,14,135,19,2612,257,75,123,45,8,132,173,172,261,0,1046,165,93,455,113,172,68,27,3902,25,101,678,62,193,40,85,530,41,35,50,18,259,759,36,12446,1,65,438,365,12,2008,114,44,45,0,13891,198
sample_280,12,305,220,2378,58,3,707,468,186,21598,23,158,65,163,18,107,89,213,39,587,58,2065,228,10,148,34,13948,286,1999,101,190,619,38,24,24,24,115,138,9,21,7,42,13,848,94,23,41,55,428,26,220,16,2931,340,99,103,45,9,165,372,118,635,8,877,365,158,799,143,218,87,35,4500,42,120,1155,163,199,54,81,1012,118,43,13,24,477,1119,71,21225,0,90,440,385,3,3449,144,95,52,1,21122,163
sample_281,15,291,162,1640,26,0,886,359,181,13772,12,211,82,189,13,132,96,247,25,411,29,2223,210,6,127,29,18582,217,1895,101,207,372,15,35,41,24,70,118,11,10,5,34,13,634,113,32,14,26,435,40,173,22,2320,413,116,133,61,5,175,256,198,344,0,1133,157,121,556,163,135,117,62,3773,37,93,1041,114,343,64,106,898,129,25,30,19,436,1239,44,22291,1,69,362,424,7,2336,141,46,65,4,12700,230
sample_282,7,121,63,668,13,0,587,215,47,7589,4,96,26,88,3,29,41,112,20,184,8,675,117,0,57,17,6064,63,652,16,76,135,0,20,16,4,11,23,0,4,1,21,1,238,29,8,10,11,197,28,65,2,906,109,65,35,25,6,60,143,124,161,0,402,100,61,213,57,50,39,20,1635,7,20,534,43,152,19,21,514,74,12,10,10,139,395,31,7943,0,27,232,117,0,965,43,16,18,0,5120,118
sample_283,10,130,102,708,25,0,604,235,98,7589,1,55,23,143,9,35,85,125,11,278,22,947,102,8,133,10,9349,86,794,56,65,241,2,9,7,6,73,52,9,4,8,24,7,343,43,4,12,5,197,14,91,4,1319,158,62,59,24,8,90,107,115,200,7,626,85,64,220,61,23,41,17,1479,21,40,555,36,124,25,25,467,45,39,18,11,183,596,12,8955,0,48,180,210,2,917,67,30,45,2,6755,108
sample_284,19,243,210,1280,40,5,923,440,258,16184,19,171,53,204,15,150,122,187,57,655,27,1897,264,30,172,60,13423,258,1293,81,201,464,9,22,46,41,60,95,15,11,28,63,21,522,97,33,26,5,546,31,143,12,2796,443,68,161,39,8,139,313,130,438,3,1136,226,131,659,192,63,81,67,3744,85,86,1026,82,419,64,124,727,83,45,45,49,378,1158,48,24845,0,89,412,514,3,3694,170,117,79,0,17157,163
sample_285,5,295,144,1237,49,3,885,389,159,15714,15,211,75,168,21,76,83,271,52,478,19,1478,157,4,105,20,13854,179,1261,106,218,573,17,20,37,20,54,77,22,23,5,110,16,782,50,24,18,22,352,14,156,16,2540,309,89,112,64,21,107,347,184,290,1,825,177,149,698,201,179,101,47,2978,27,95,933,89,393,42,117,883,75,50,5,26,359,939,64,20666,0,69,477,387,6,2366,76,75,46,3,14332,183
sample_286,2,174,130,1846,20,2,545,289,81,11387,21,112,34,118,6,34,55,80,27,432,30,1373,130,2,81,16,8938,90,963,58,126,271,2,4,31,6,54,30,12,11,0,38,12,481,100,23,17,14,243,28,65,16,1411,312,70,105,36,8,125,206,136,258,0,712,162,94,418,73,87,31,14,2362,37,43,465,66,170,38,88,571,74,30,19,22,220,706,32,14579,3,50,332,232,8,1770,98,32,49,0,10606,126
sample_287,23,227,203,1321,52,3,1077,510,141,13433,25,138,93,118,4,59,104,241,44,506,24,1810,140,15,136,19,17323,190,1125,75,198,306,15,12,42,16,75,64,18,11,18,42,14,610,72,17,13,26,373,27,139,5,2188,314,108,94,55,11,161,336,191,311,0,707,230,137,488,248,121,72,40,2891,79,50,621,111,315,35,89,735,100,68,25,23,345,1265,70,15890,0,41,404,287,6,2171,122,54,50,2,14632,242
sample_288,6,181,140,1093,39,4,491,235,137,14111,12,101,71,121,4,78,59,187,31,298,13,1296,90,4,143,13,11901,82,1116,28,122,350,12,15,78,14,49,68,14,16,6,22,22,471,55,9,6,9,346,18,129,9,1353,251,81,166,30,17,113,178,191,208,0,820,169,62,517,69,88,56,24,3208,15,35,559,99,172,38,78,615,50,27,3,14,243,822,34,14135,2,50,224,199,5,1814,55,26,23,4,9770,119
sample_289,3,271,172,1730,44,6,1145,451,185,14949,13,234,88,223,9,65,99,238,27,527,33,1619,145,20,244,8,10700,105,1307,132,195,560,5,11,59,9,131,97,4,20,25,63,36,678,58,31,22,12,521,22,204,17,2283,420,109,169,65,5,136,308,141,363,1,854,164,68,666,196,147,67,31,4567,67,114,698,87,388,36,89,727,84,54,36,16,318,1336,103,21389,1,53,352,387,5,2585,87,63,46,1,15243,236
sample_290,2,195,87,954,38,0,595,336,148,8739,23,109,44,108,10,68,85,242,25,404,15,1721,204,22,135,27,10839,93,1287,71,119,350,2,1,61,9,55,40,1,16,4,34,13,611,73,7,0,25,266,14,120,14,1968,293,84,149,32,7,159,252,189,312,3,736,105,104,433,79,83,50,40,2737,27,45,832,105,271,16,78,585,68,32,15,14,237,673,55,10735,0,65,259,299,1,1422,127,37,39,2,7511,164
sample_291,3,143,82,1005,13,1,321,258,73,13207,5,108,26,112,16,49,53,88,17,220,7,756,40,20,78,11,8663,67,695,32,44,177,0,15,22,26,40,29,1,6,6,25,5,351,47,1,13,10,262,8,93,4,1054,210,46,74,23,8,66,151,112,193,0,529,113,61,309,54,57,23,32,1587,16,38,405,43,141,33,30,575,42,34,22,22,163,612,7,7858,0,64,215,193,2,928,112,47,49,0,7730,53
sample_292,11,221,182,1497,32,0,473,383,164,18471,10,127,50,141,7,49,69,178,10,460,36,1782,220,28,124,15,15887,149,1078,55,231,358,6,23,54,21,49,39,9,9,3,24,14,551,46,19,36,22,393,39,146,2,2025,301,98,156,54,24,147,269,197,331,3,814,183,55,473,141,75,54,19,3100,38,93,869,104,209,36,89,891,77,63,12,16,331,1173,48,15157,4,61,435,346,1,2566,77,73,63,4,14062,167
sample_293,7,95,116,1279,37,8,586,326,92,9212,14,92,44,78,4,39,45,71,5,207,25,991,141,7,135,11,7583,58,595,54,52,230,1,7,7,13,44,11,2,8,1,14,4,348,47,17,2,7,219,14,94,1,1030,219,45,32,30,0,76,142,93,194,0,552,62,46,333,73,66,41,21,2058,19,41,465,39,127,40,49,395,42,37,17,15,141,579,22,9028,12,33,193,213,2,1419,85,33,19,1,6216,79
sample_294,6,229,165,1236,29,0,931,328,158,14708,3,113,44,212,12,42,68,236,20,352,26,1525,124,18,181,58,13416,79,1279,82,127,293,8,18,8,19,61,71,8,9,4,33,16,438,57,15,30,47,299,42,149,14,2099,324,90,119,29,6,196,118,105,465,1,773,160,156,646,107,97,82,33,2712,51,52,811,91,284,45,81,734,89,30,15,27,270,736,32,17160,0,49,419,422,8,2343,160,67,62,1,13984,241
sample_295,6,171,165,1443,54,0,523,320,128,14051,0,89,55,126,7,51,78,144,17,421,30,1342,138,21,110,17,9711,72,1075,88,92,283,12,8,19,10,50,55,3,1,1,51,1,333,73,30,3,8,399,27,139,0,1465,273,92,106,38,19,69,241,129,328,18,813,208,52,577,67,64,68,21,3005,16,47,556,62,281,51,83,430,88,44,9,23,258,1046,36,15778,0,50,307,262,6,1520,86,39,48,0,10039,128
sample_296,5,130,108,1162,30,0,602,221,85,8654,8,71,39,116,7,42,49,78,7,326,14,1134,141,6,81,7,9392,35,796,47,108,225,5,8,24,22,20,39,14,3,1,19,10,343,50,7,18,18,149,11,32,7,1199,208,22,48,13,1,78,114,122,224,0,491,69,62,310,89,65,29,19,1757,15,28,422,78,121,30,64,450,59,21,10,6,204,616,18,7332,0,35,203,218,6,1616,54,47,37,1,5811,72
sample_297,16,360,343,2852,46,7,2026,831,289,23401,10,216,83,309,14,133,158,511,43,875,39,3536,230,28,308,39,19397,186,2218,155,236,860,20,27,50,44,123,142,11,8,8,49,49,1294,124,62,54,36,566,56,234,33,2865,491,123,223,79,18,175,509,305,644,7,1469,202,210,835,253,168,104,46,6555,28,121,1204,159,465,63,119,1004,150,56,44,63,636,2177,76,35120,3,104,707,526,1,3180,174,100,62,4,18546,282
sample_298,14,237,176,1639,51,1,908,566,156,14097,2,105,57,227,8,66,97,220,40,456,18,1800,192,25,99,31,10643,123,1733,52,137,517,7,17,30,34,65,55,4,8,6,35,18,712,57,32,19,10,367,32,123,2,2114,325,90,84,39,8,89,273,218,317,4,793,196,114,678,144,110,83,31,4163,24,72,942,80,272,50,62,710,54,38,21,7,253,725,49,17931,0,93,331,362,5,2198,120,50,67,0,14561,230
sample_299,6,213,147,1736,14,0,356,254,97,12536,9,108,56,197,14,56,124,161,9,448,12,1865,182,10,180,20,12600,174,1405,69,150,375,7,11,68,17,75,50,8,16,23,33,11,414,101,35,11,14,347,11,97,16,1925,339,90,105,36,7,96,150,210,233,4,514,90,83,480,91,86,105,30,3542,11,48,673,85,264,51,100,765,89,39,38,25,222,1048,43,13246,0,52,410,319,10,1726,67,50,45,0,9629,169
sample_300,5,184,148,1357,14,0,385,393,133,14089,15,122,39,97,11,83,64,170,24,387,10,1080,109,6,141,21,10337,108,997,44,138,351,3,5,28,16,64,62,13,9,0,59,10,380,63,18,8,17,280,30,120,13,1904,261,80,114,28,4,91,233,204,315,2,877,121,75,460,59,87,49,16,2219,35,75,637,42,208,41,76,443,38,22,23,44,182,743,16,15307,0,56,236,281,2,2653,106,59,26,2,11329,162
